uuid,first_name,last_name,email_address,number_of_vists,time_spent,amount_spent,date_of_visits
2d574d1a,Sandra,Travis,rodriguezjohn@example.net,24,4.16,42.5,2008-05-24
5bb7d18a,Monica,Kathryn,gloria73@example.net,65,4.16,31.0,2017-09-28
b254ced1,Jamie,Megan,broberts@example.org,24,4.08,30.0,1983-12-15
547d7108,Lisa,Peter,jacobsonleah@example.net,15,7.44,18.5,2005-02-17
2c7c0535,Michele,Dr.,harry71@example.com,17,5.28,22.5,1979-10-23
3df6a830,Dylan,William,rmills@example.org,74,6.72,1.5,2008-03-31
e48fde05,Brian,Lori,thomasrichard@example.net,54,2.48,27.0,2020-05-21
ec0fac12,Holly,Suzanne,figueroapatricia@example.org,77,2.72,11.5,2003-09-15
6fbe9be5,Derek,James,coxjames@example.org,0,6.8,41.5,1979-04-14
8bce3cc3,Lisa,Jimmy,bmartinez@example.net,50,6.16,6.5,1985-03-19
c432214c,Carla,Lisa,tramirez@example.net,46,4.64,21.0,2015-12-25
67569722,Margaret,Jason,katelyn65@example.com,34,6.08,20.5,2013-07-13
efd3477f,Patty,Olivia,garcher@example.com,99,6.88,33.0,1980-07-13
ea1b531d,Ethan,Kristine,katrinarodriguez@example.com,34,4.96,0.0,1990-06-23
d3cde392,Tommy,Joseph,ocrawford@example.org,18,6.0,0.5,2012-10-01
29c793b3,Matthew,James,garciabrian@example.org,73,8.0,36.5,1991-02-27
587f0913,Judy,Amanda,lgregory@example.com,100,5.04,18.5,2018-12-09
cf5be71e,Justin,Lee,eric99@example.org,47,7.68,27.0,1970-06-10
c23a3b0f,Stephanie,Steve,guerreroapril@example.com,35,6.48,19.5,2003-01-01
364fcbe2,Zachary,Patrick,qharris@example.com,35,5.52,49.0,2012-06-10
cee9775d,Anthony,Alicia,iwagner@example.com,85,6.64,14.50,2016-10-20
37e55609,Rebecca,Douglas,cisnerosanthony@example.com,57,1.84,22.5,1983-08-29
b80bcadd,James,Annette,reyesleonard@example.com,31,1.84,20.5,1977-10-22
32e7f014,Tricia,William,cstevens@example.org,3,2.72,1.5,1974-07-27
81222bea,Nathan,Debra,nicole27@example.com,91,0.48,37.5,1970-01-01
c1a38526,Debra,Chelsea,larryprice@example.org,32,5.52,7.00,1980-05-31
1ce883c8,Jeffrey,Natalie,rkeller@example.net,13,1.28,45.0,2011-02-02
df1018e1,Sherri,Samantha,kalvarez@example.net,100,7.44,15.0,1978-03-28
94de6958,Cassandra,Eric,myerstroy@example.com,40,5.68,43.5,2005-05-17
9f9bc94a,Elizabeth,Samuel,katie45@example.org,64,1.2,45.5,1976-08-04
c7d51641,Brittany,Corey,garzadavid@example.com,37,3.12,8.0,1986-10-28
c84e0b13,Paula,Danielle,lisa90@example.net,6,4.96,24.5,1983-11-26
c58d73dc,Fred,Michele,oscar65@example.com,60,8.0,33.5,1977-01-19
a1a10134,Sherry,Kathy,qbell@example.org,87,3.92,3.0,2002-03-28
1e629fe3,Anthony,Andre,jimmycollins@example.org,1,0.72,42.0,1971-09-05
ed7227e1,Angelica,Cassandra,meltondanny@example.org,49,3.76,37.0,2004-06-02
b46eae18,Philip,Hannah,ryanbenjamin@example.net,52,4.88,48.0,2000-03-15
47813ec3,John,Nicole,abradley@example.com,64,2.48,38.0,1996-08-03
6375af39,Shane,James,dominguezbrianna@example.com,86,7.12,33.0,1973-10-15
cc46afd3,Joshua,Traci,uhudson@example.net,12,6.0,21.0,1978-04-16
70a510db,Eric,Megan,stokescraig@example.net,69,1.2,37.5,1990-05-30
66dd3b34,Jessica,Alejandro,matthewshaw@example.net,54,5.04,29.5,1997-07-13
23360e41,Danny,Alexa,garrett45@example.com,46,3.44,20.0,2002-12-01
e4e3d3e8,Crystal,Lindsay,tylerboone@example.org,29,3.12,18.0,1982-07-11
0e942b0a,Mark,Robert,karlwilliams@example.net,29,2.96,16.5,1985-12-27
f4efedb8,Shannon,Maria,nballard@example.net,93,5.04,6.0,2007-03-16
ce9c70cc,Michael,Gregory,robbinsbelinda@example.net,1,6.96,2.5,1987-09-18
0f9a307a,Timothy,Michael,joshua98@example.com,41,1.36,28.46,2011-09-13
fa92f686,Richard,Brian,yclark@example.org,48,3.36,26.5,2016-05-13
7952d057,Brent,Sarah,william46@example.net,28,6.32,13.5,1999-11-19
c22e12f9,John,Lisa,james64@example.net,99,4.56,46.0,2014-10-15
9f32f935,Victoria,Arthur,jpowers@example.org,64,4.24,21.5,2011-12-31
ee2e261e,Gerald,Shannon,burtonzachary@example.org,83,4.56,11.5,1978-05-21
e019332c,Connor,Stephanie,vlewis@example.com,98,1.6,27.0,1999-06-04
3e24d7cd,Donald,Ralph,sharon89@example.com,81,4.48,31.5,1979-12-14
de183137,Jessica,Rebekah,boydmichael@example.org,38,7.52,13.5,2013-04-17
6866278f,Amber,Melanie,edwardjennings@example.com,24,7.36,30.5,1971-06-23
dcf2cbb9,Tracy,Yolanda,ejenkins@example.net,52,8.0,9.5,1982-07-30
3fd8a89a,Carol,James,meghanadams@example.com,52,1.28,7.5,1979-08-23
fd645569,James,Laura,jonathanburke@example.com,15,0.96,47.5,2020-09-02
bbdc7c1f,William,Courtney,daniellee@example.org,53,0.8,34.5,2014-09-28
999cbadb,Jordan,Susan,steven86@example.com,42,3.12,39.0,1986-05-19
6f18c719,Whitney,Sarah,harrisjoseph@example.org,94,7.84,27.504,1981-08-15
872028f8,Brittney,Catherine,kristine48@example.org,100,0.96,38.0,2004-10-22
a3f2e784,Lauren,David,stuarttodd@example.org,91,3.36,16.5,2020-06-21
6c71a3d2,Amy,Catherine,heathchristopher@example.net,59,5.76,46.5,2017-08-11
96eb4703,Sarah,Brandon,michelle65@example.net,21,7.44,38.0,2007-03-15
11e82905,Angela,Elizabeth,sandersmary@example.org,30,0.8,17.5,1983-08-20
3936ef7d,Megan,David,danielnavarro@example.org,47,2.32,40.5,2002-05-27
38dfdd34,Steve,Julie,tyler13@example.net,98,5.04,13.0,2002-09-12
5feab9ed,Lisa,Terry,mejialawrence@example.net,71,6.8,26.5,1989-09-26
844cc207,Kelly,Kathryn,vshaffer@example.org,57,6.8,13.0,1989-09-12
ef71156b,Mike,Edwin,grobinson@example.org,21,5.28,6.0,2015-06-05
b41a2fa7,Michael,Brenda,taragonzales@example.com,53,6.56,50.0,1976-10-22
5234f72b,Paul,Keith,henrynicholas@example.org,18,2.16,36.0,2010-01-24
d250178a,Zachary,Eugene,amy73@example.com,73,6.08,34.0,2003-07-19
51802a52,Daniel,Katherine,michaelbaldwin@example.com,71,4.88,39.5,1994-12-31
186425a6,Shirley,Mark,brewerrebecca@example.org,79,2.56,37.5,2015-06-09
ede252f1,Christopher,Philip,vazquezkristina@example.org,3,5.52,46.5,1988-09-22
acad8bfc,Lisa,Katherine,angela45@example.net,94,6.56,15.5,1996-08-15
3f273158,Aimee,Lucas,nicholsjoel@example.com,73,1.44,44.0,1996-04-03
e6cc61ec,Matthew,Vincent,zsmith@example.com,63,2.56,37.5,2017-06-23
c4e3d732,Brian,Curtis,christopher34@example.org,69,3.44,31.5,1977-04-21
78b4bbd3,Denise,Frank,ruthwelch@example.net,8,5.6,49.5,2001-07-28
281a5cc5,Christina,Michael,rmccormick@example.org,28,2.72,47.0,1998-05-16
4680e4b0,John,Michael,aruiz@example.com,8,0.32,41.0,1998-11-29
271dc081,Anna,James,gmcdowell@example.org,65,2.88,31.0,1980-01-31
1303be15,Aaron,Rodney,william56@example.net,92,7.76,39.0,1971-11-27
e03320e7,Deborah,Nicholas,shawn00@example.net,52,2.64,4.5,1989-04-15
ecc01a34,Jessica,Stephen,crystalgibbs@example.org,62,5.36,15.0,2001-02-07
545c2508,Stephen,Steven,moralescourtney@example.com,95,4.88,38.5,1978-03-05
c738742c,Allison,Matthew,ricejennifer@example.com,74,5.28,39.0,1992-07-18
28532f92,Noah,Stephen,rachelmedina@example.net,2,7.44,6.5,1974-02-21
e1c8ed7f,Angie,Dennis,glasssamantha@example.net,4,6.48,35.0,1978-04-07
f3add280,Daniel,Derrick,lrichardson@example.org,69,0.88,10.5,2020-05-22
f9298fa3,Cristian,Mary,gnunez@example.org,59,2.0,5.5,2009-10-13
6c94dc99,Connie,Joshua,tina63@example.net,23,0.56,34.0,2015-11-23
41e7989d,Abigail,Kristen,rickjuarez@example.com,55,4.56,42.5,2004-10-05
5c4cb393,Gina,Jennifer,owensapril@example.com,79,0.56,15.0,2020-04-24
61799979,Gabrielle,Karen,janet80@example.org,29,6.32,40.0,2018-10-15
a6e5b8c7,Ryan,Blake,tristan64@example.com,75,3.76,43.5,1973-08-10
2aea9be7,Cameron,Darryl,melaniejennings@example.com,27,1.28,4.5,1996-07-02
1808417e,Rebecca,Nicholas,vmendoza@example.org,81,5.6,14.48,1970-10-01
9d1634ff,Christine,Jacob,glenn95@example.com,69,6.16,20.5,2009-07-04
74731bd3,Richard,Shawn,christopherrichardson@example.com,77,4.64,42.0,1990-08-09
f5e84449,Marc,Amber,kduffy@example.org,84,0.08,12.5,1972-04-27
aabe020f,Sharon,Martha,vaughansandra@example.net,86,4.64,17.0,2013-11-25
e74a8b6d,Sierra,Jennifer,rebeccamccann@example.org,57,7.2,11.5,2014-04-06
46c062b5,Evelyn,Kara,jacqueline20@example.com,76,1.44,8.0,2014-09-21
29ce0b79,Sharon,Lorraine,jburke@example.org,1,7.76,14.002,2012-03-08
8051fc67,Richard,Mary,george91@example.org,52,4.16,44.0,2000-03-31
c103e914,Shannon,Breanna,dayala@example.net,34,6.48,30.0,1972-11-25
836827e6,Julia,Nathan,twilson@example.org,81,3.44,3.0,1994-02-20
e9645b5a,Crystal,Brian,sophiali@example.com,52,6.24,23.0,1979-06-25
7505cdc9,Garrett,Dennis,julie62@example.com,68,5.04,31.0,2001-11-03
71bd5e67,Diana,Michael,carolcarney@example.com,96,7.12,26.0,2019-03-16
8ae27214,William,Jon,robertortiz@example.org,3,3.2,10.0,2001-03-11
64c5305f,Ashley,Erin,robertsjose@example.net,74,4.8,21.5,1988-11-04
e93de230,Victor,Susan,xsolomon@example.net,81,6.64,40.5,1970-08-15
be8cb750,Jeffrey,Brittany,emiller@example.org,83,1.68,28.96,1980-10-09
4ad59db4,Larry,Misty,terri63@example.net,4,0.72,36.5,1994-05-06
609d3046,Kenneth,David,verickson@example.net,70,6.32,43.5,2004-01-26
5bc0c24b,April,John,charles80@example.org,31,3.76,27.0,2004-03-30
f18b4603,Michelle,Andrew,sarah75@example.net,69,0.24,1.5,1984-05-05
81dc764f,Helen,Emily,smithwilliam@example.com,64,5.52,8.5,1993-09-27
160d54ca,Erin,Peter,tiffany52@example.net,18,7.2,18.0,2018-01-22
1788437c,Michelle,Mary,carpenterjorge@example.net,38,0.4,19.0,2005-09-24
d3ad2fa4,Jason,Jeffrey,dconrad@example.org,99,3.52,29.5,1996-08-01
4623a1b0,Cameron,Anna,stewartalyssa@example.org,32,5.12,42.0,2004-11-29
7bc6b14a,Megan,James,darryl02@example.com,24,0.88,7.5,1974-04-10
b0dd8bf9,Elizabeth,James,julie64@example.com,32,5.04,42.0,1981-11-16
3f52b92e,Dustin,Mariah,zachary62@example.com,21,3.76,39.0,2014-08-20
ef3e9922,Mary,Michael,jgallagher@example.net,43,3.68,14.002,1980-04-21
69d1e926,Daniel,Caitlin,jbrown@example.org,46,3.12,47.0,1993-12-11
1c158f7a,Rebecca,Rebekah,isaacharrison@example.org,41,2.24,46.5,2014-08-21
6a15ce21,Jose,James,fgraham@example.org,4,5.04,42.0,2018-12-11
42632d66,Robert,Michael,tkelly@example.net,60,7.76,18.0,2008-04-28
9c75a632,Courtney,Bianca,hellis@example.net,90,3.12,44.0,1993-02-02
c44da0e8,David,Jason,daviddavis@example.com,87,7.52,22.5,2001-04-08
4de3c45c,Angel,Ernest,marybrady@example.com,61,0.48,33.5,2018-09-01
83d38677,Cheyenne,Patricia,brandybonilla@example.net,98,2.8,18.5,1979-07-13
3073c463,David,Vanessa,robertjones@example.com,26,0.4,38.5,1988-12-10
f3ad28de,Patricia,Joseph,clayanthony@example.net,5,0.48,1.5,2021-11-23
4f3df92c,Christopher,Matthew,longbrittany@example.org,36,3.6,29.5,2014-10-22
c0d64041,Amber,Michael,eric17@example.net,100,7.04,46.5,1990-08-13
9fe3eb34,Joyce,Kristin,rgibson@example.net,17,5.28,32.5,1996-10-22
f5185946,Victoria,Mason,riverabradley@example.net,10,2.48,33.5,1974-08-23
8f08fff9,Stephanie,Sarah,unguyen@example.net,45,6.0,34.5,2013-11-25
f1df5618,Kathy,John,jasonwilliams@example.net,93,2.56,9.5,2002-12-02
45a266f5,Stephanie,Amber,marcus01@example.net,7,7.6,32.0,1995-08-16
db4b25ff,David,Jennifer,qdavis@example.org,0,6.0,12.5,2002-02-07
222a0f1b,Pamela,Robert,tammyglenn@example.org,45,8.0,8.5,2011-03-25
76070195,Denise,Jillian,phelpsfrank@example.com,54,0.72,4.5,2014-11-04
209a09d5,Devon,Matthew,deborah21@example.com,49,2.88,41.0,1982-04-11
d9a124a9,Brenda,April,vowen@example.com,18,5.76,13.5,2009-03-14
b495b19b,Michelle,Lisa,michaeldavis@example.com,51,0.56,48.0,2018-03-19
3159d6cd,Joshua,Christine,tracymcclure@example.com,0,4.56,35.0,2004-07-02
bac133dc,Jason,Heidi,anna61@example.com,64,3.44,49.5,2014-11-03
b9e3cf4c,Melissa,Jesse,christina66@example.org,66,0.88,6.5,2005-10-03
396e7f01,Jamie,Kara,palmerteresa@example.net,72,4.4,31.0,1987-08-23
2993cdc0,Paul,Ashley,deborahreeves@example.com,40,7.36,28.46,1978-10-22
156aac98,Jennifer,Glenn,robertssamuel@example.com,19,4.48,34.0,2017-06-26
d84a30a3,Lindsey,Dorothy,edgar24@example.org,89,5.76,35.0,1992-01-20
bb43e00e,Jeffrey,Amber,dphillips@example.net,13,2.8,19.0,2010-01-26
547930f9,Michael,Mitchell,lowerywilliam@example.net,78,7.28,42.5,2009-07-08
28b7026e,John,Levi,dgutierrez@example.net,30,6.96,42.5,1993-09-08
fec643cf,Alyssa,Jenna,michael91@example.net,84,1.2,8.5,2009-10-10
98ee446f,Alyssa,Michelle,wilsondorothy@example.org,48,4.0,50.0,2012-01-08
f17358e0,Joel,Timothy,meganwilliams@example.com,25,2.08,43.5,1997-06-23
792bf6e4,Daniel,Patricia,lee77@example.net,38,3.6,35.5,1974-08-07
17a4564d,Jamie,Tina,matthew23@example.org,65,4.24,48.5,1973-01-21
ac4d67e5,Darlene,Mr.,burgesscassandra@example.net,57,5.04,31.5,1972-01-04
9f5fca2e,Joshua,Mr.,hamiltonandrew@example.com,13,7.12,40.0,2019-11-15
6e7281b1,Matthew,Monica,smithdiana@example.com,8,7.92,46.0,1980-10-31
40053e4d,Nicole,Kyle,vmelton@example.net,67,6.32,30.0,1985-10-08
ad22fe6d,Alex,Janice,nturner@example.com,12,2.96,6.5,1976-07-27
a9e57ef6,Michael,Pamela,fballard@example.org,69,0.88,21.0,2015-04-10
7e36f972,Michael,Tracy,alexanderrodriguez@example.org,30,1.04,12.0,1977-03-25
976d7a62,Lawrence,Jason,micheleclark@example.net,92,6.32,13.5,2003-12-27
647c274e,Robert,Elizabeth,debragraham@example.net,97,2.4,47.0,2016-03-24
e6cc1357,Alexander,Michelle,christophercarrillo@example.org,94,6.48,24.5,2002-06-03
d2e7a342,Tina,Christina,hhenderson@example.org,30,4.56,28.96,1992-01-10
6fc254da,Angela,Gregory,joannewallace@example.com,80,2.72,30.5,2021-09-17
49a29c34,Ashley,Miss,csmith@example.net,57,5.12,24.0,1985-10-03
31dfd872,Lindsay,Erica,jameshudson@example.com,0,2.56,16.0,2019-11-10
fc865ca1,Dr.,John,cookcurtis@example.net,39,2.16,23.0,1986-02-07
ac25e857,Jonathan,Jennifer,fpetty@example.net,73,7.44,36.5,1977-03-05
74f0436c,Samantha,Donna,benjamin67@example.net,52,5.68,5.0,1981-11-03
44b07adc,Madison,Kelly,dhall@example.net,65,2.64,42.0,2019-07-21
9cf21dea,Jessica,Michael,hendersonleslie@example.org,68,1.6,45.5,1996-02-20
b39c7998,Debra,Candace,patricia67@example.org,51,6.4,22.0,2021-06-07
5ce2da16,Karen,Ryan,pdean@example.com,85,6.72,1.5,1998-08-02
02eb57c4,Debra,Paul,bterry@example.org,3,2.88,7.001,1974-05-19
a0034fcd,Angelica,Ashley,jessica75@example.com,32,0.8,49.5,1974-03-20
986a1283,John,Sharon,williammatthews@example.net,48,7.28,12.5,2011-08-22
b0333e6f,Allen,Cynthia,sandra72@example.com,77,6.56,26.5,1987-01-17
267e87a4,Daniel,Donna,rmoyer@example.net,95,0.64,39.0,1977-10-16
d1b60320,Spencer,Jasmine,laura29@example.org,74,6.8,19.5,1972-07-19
6efc6570,Adam,Emily,hannah17@example.org,26,6.56,25.5,2021-01-12
4762698f,Nathan,David,jamesobrien@example.org,75,6.96,28.46,1974-12-17
b74ecc7a,Melissa,Sheila,fhahn@example.com,34,2.4,35.0,2000-01-18
8007ee96,Ricky,Michele,jasonwilliams@example.org,55,1.04,43.5,2021-12-12
fadcfed2,Elizabeth,Kimberly,nicole52@example.org,88,0.0,49.0,1995-06-22
8d43a3db,Joseph,Tracey,romanmatthew@example.org,7,2.48,29.5,2011-04-11
a3a43b12,Erin,Michael,davidwalker@example.com,71,6.64,38.5,2012-12-16
d89d547a,David,Jose,kristen08@example.com,33,1.92,37.5,1972-01-03
fd5e53a7,Bryan,Justin,melissarusso@example.net,78,7.36,33.5,1981-11-05
2b2994a8,Cathy,Dawn,mccarthysara@example.com,6,7.12,25.5,1991-11-09
23116ef1,Dr.,Brittney,westes@example.org,33,1.76,6.0,1977-04-29
ea940433,Brian,Anthony,harringtonchelsea@example.org,81,0.8,30.5,2017-07-19
2ddf4ffc,Christopher,Mary,romerogary@example.org,39,4.8,12.0,2000-08-03
7618fc0e,Denise,Heather,rhondamoore@example.com,35,1.44,16.0,1995-09-13
edf18c12,Melissa,Daniel,fgill@example.net,40,3.36,25.5,1979-01-25
00e4483e,Katherine,Jonathan,mooremichael@example.org,49,2.16,31.5,2013-05-17
7df495ab,Julie,Anna,allisonscott@example.com,63,7.2,23.0,2009-01-17
80781225,Anthony,Gary,sanchezlisa@example.com,36,6.72,44.5,2007-11-14
05b0588d,Rodney,Paul,william14@example.com,5,4.08,23.5,1983-08-05
c8dbfb49,Mark,Samantha,qward@example.org,7,1.6,42.5,1983-04-27
46098bf7,Justin,Jill,karenmoreno@example.org,88,3.12,43.5,1987-03-08
4851ec0d,Bailey,Lisa,lauriegutierrez@example.com,51,1.84,0.5,2003-06-03
aa6bb98a,Courtney,Erica,hcrane@example.net,51,1.12,48.5,1999-10-10
8496d0f8,Jeremy,Janice,sherry72@example.org,24,5.12,39.0,2016-03-12
7842405f,Elizabeth,Thomas,millerleroy@example.org,13,5.12,47.5,1989-06-20
6979e43d,Theresa,Robert,wbrown@example.org,67,6.88,43.5,1985-05-06
704a5148,Matthew,Steven,rachelbrown@example.net,66,0.48,14.002,1983-09-10
2c22af01,Benjamin,Tiffany,robert84@example.net,82,2.0,21.0,2020-07-03
43a9e91d,Kirk,Kimberly,regina04@example.net,51,4.08,34.0,1981-01-11
c70f1c97,Michael,Michael,isabellagriffin@example.org,55,4.16,8.5,1999-07-16
93f4eb56,Michael,Jessica,zterry@example.net,93,2.88,38.0,2005-12-19
4ba483af,Lori,Michele,trowe@example.org,9,0.56,37.0,1983-02-01
8efdf813,Jessica,Maria,medinapeter@example.net,93,4.32,18.5,1975-11-08
eacbcf43,Susan,Brittany,abigailfernandez@example.org,1,6.8,29.5,2009-08-12
d5f6fee8,Christopher,Brandon,huntlarry@example.com,7,1.2,42.5,1971-08-26
1e08a8ad,Laura,Kristin,andrewzamora@example.net,40,1.52,15.5,2012-10-23
755e9e5b,Michael,David,john46@example.net,5,0.0,23.5,2015-07-03
42d94bef,Kathryn,Jessica,dennismckenzie@example.com,68,0.96,48.5,1976-07-19
f7622443,Andrew,Kimberly,david17@example.com,51,7.92,7.5,1983-11-08
1e9c6218,David,Nicole,chaveztonya@example.net,10,4.88,11.5,1972-04-06
fb770628,Sara,Angel,michaelmitchell@example.net,40,6.72,41.0,1979-07-26
53a50322,Yvonne,Richard,jenniferstone@example.org,97,3.92,47.5,1970-05-11
f0526cd1,Andrew,Preston,murphybrandi@example.com,35,4.48,11.5,1994-06-20
687f6930,Matthew,Matthew,tgarcia@example.com,95,6.08,13.0,1997-10-07
a5895ded,Kevin,Brandy,dmiller@example.com,33,6.08,18.5,2008-09-03
681d17dd,Brandon,Kimberly,thomasgriffin@example.com,20,4.96,8.0,2007-03-13
7169e6e1,Shannon,Michael,hchapman@example.com,27,4.0,39.5,1974-11-24
01f1086c,Donna,Monica,breanna67@example.net,84,7.12,18.5,1993-03-09
5cffe179,Krista,Kristen,adennis@example.org,14,2.48,12.0,1982-08-11
20853c3d,Frank,Aaron,williamwashington@example.com,97,1.04,22.5,2016-06-08
d1bcae8d,Jose,Theresa,tammypalmer@example.net,73,5.76,3.5004,2019-09-04
d76ce194,Kimberly,Stephanie,bensonstanley@example.org,29,6.4,21.5,2019-07-24
35b7d549,Isaiah,Matthew,sherrywood@example.org,3,6.96,49.0,2013-09-14
1121bece,Olivia,Daniel,xrodriguez@example.net,51,6.96,49.0,2005-12-10
fc3437ec,Tanya,Christopher,billy21@example.com,49,6.24,9.5,2003-10-07
7244db73,Barbara,Sarah,vickie44@example.com,99,7.76,20.0,1982-12-09
3e52d6cb,Cynthia,Julia,moodydouglas@example.net,12,4.16,22.0,1984-02-13
2da7977f,Kristen,Brett,twilliams@example.com,5,0.4,49.0,2008-10-24
db787cfc,Susan,Mr.,isaacsingh@example.org,19,5.84,49.0,2002-03-28
1969192b,Kathleen,Manuel,kelleycarlos@example.org,42,2.88,37.5,2004-01-31
6f82d32a,Denise,Jerry,tolson@example.net,81,4.56,17.5,1993-12-17
103163a5,Mrs.,Kevin,ymccullough@example.com,12,7.76,45.0,1994-04-05
3e12cd44,Katie,Eugene,mdavenport@example.org,61,3.36,43.5,2012-02-02
806903d8,Desiree,David,williammurray@example.com,13,4.0,28.004,2008-01-08
14a5f367,Timothy,Jessica,uhernandez@example.com,55,4.0,11.0,1979-05-20
1c712a0e,Diane,Nicholas,marshelizabeth@example.com,100,6.24,26.0,1974-07-28
290bcf76,Yvonne,Ian,zhall@example.com,50,7.84,28.46,1999-11-13
1ef278db,Joshua,Casey,rubiopamela@example.net,76,6.4,8.0,1999-02-03
c33294cc,Kimberly,Shannon,debbie20@example.net,95,3.84,9.0,2012-07-25
fbd1a4a2,Colin,Deborah,ann18@example.org,71,5.12,0.5,1995-08-06
6656ac4f,Cynthia,Bernard,stephanieweaver@example.org,83,4.24,24.0,1974-10-28
1ddebc55,Patrick,Amanda,karenshaw@example.org,43,6.32,3.0,2008-09-24
e40cfb06,Jasmin,Kevin,barrettamanda@example.org,43,6.48,9.0,1975-04-27
3984c05e,Veronica,Kimberly,kristin39@example.com,88,1.04,33.0,1978-08-28
8ce7bf2c,Jonathan,Reginald,romancatherine@example.com,73,4.32,37.0,2005-03-14
961aad37,Shelly,Raymond,henrysarah@example.com,60,1.44,19.0,1990-04-18
e386e6c0,Joyce,John,bwhite@example.net,88,6.72,40.5,1976-11-13
3518ef3e,Matthew,Jonathan,patrick11@example.org,66,7.36,43.0,1978-01-10
67b67b31,Wayne,Renee,justinwhite@example.org,73,6.48,11.0,2003-12-09
876afd79,Marie,Jose,kristopherrussell@example.org,94,1.92,2.0,1985-09-09
2b48b366,Shannon,Travis,mendezmark@example.org,36,0.32,10.5,1973-07-03
152d48e4,Nathan,Nancy,evanscorey@example.org,72,6.8,13.0,2010-12-07
5dd68f2f,Amanda,Daniel,qorozco@example.com,78,1.04,4.0,2006-10-14
cc8f183a,Tammie,Jacob,williamsjohn@example.net,79,6.0,32.5,1992-07-09
5a247f09,Jessica,Terry,trevorgoodwin@example.com,72,6.48,14.48,1971-07-15
8ec24992,Shelia,Jesse,adamslucas@example.net,72,7.6,26.5,1985-03-31
f34d5b59,Stephanie,Mrs.,bjones@example.com,76,7.12,30.0,1989-09-23
2539014f,Elaine,Sandy,robinsmith@example.net,89,1.84,33.5,1987-02-09
893d3520,Joseph,Carrie,sanchezangela@example.org,15,7.2,3.5004,1996-07-27
26a4dd3c,Carolyn,Matthew,ashley71@example.net,7,1.12,15.0,2017-11-09
0566cf36,Lisa,Jamie,kristathomas@example.net,56,6.56,12.0,1994-05-10
830a872a,Briana,Heather,kimberlymedina@example.com,9,1.2,19.5,1974-08-16
73d15091,David,Mr.,dwilliams@example.net,47,5.28,2.0,1980-09-28
065718f3,Stephanie,Christopher,denise20@example.org,15,0.8,38.5,1989-08-08
1be1ad26,Jeremy,Christine,qnelson@example.net,52,4.88,48.0,1975-02-02
90653e73,Margaret,Mitchell,okidd@example.org,95,1.2,43.0,2006-05-15
2682d82b,Ryan,Robert,brandon89@example.org,31,3.76,13.0,2009-02-25
7dfc7c41,John,Mr.,christopher12@example.net,33,5.36,43.0,1986-06-05
2bcf0cd3,Laura,Alison,natalie39@example.net,11,3.6,1.5,2005-03-26
707bd4c7,William,Candace,nicole54@example.net,38,2.88,46.0,2011-08-06
fda9ff01,Keith,Kenneth,qnelson@example.com,85,1.12,24.0,2004-01-11
bac717f7,Amber,Christopher,jason95@example.org,15,0.56,20.5,1991-04-01
52cc7006,Tanner,Kristy,deborahsmith@example.com,96,2.88,21.0,1997-03-02
44e0365f,Heather,Mary,valenzuelaemily@example.com,22,2.88,35.0,2012-02-06
02970bb6,Megan,Jerry,ifarmer@example.org,62,2.64,8.5,1973-11-08
fb0bb0b6,Sara,Carolyn,ryanpatricia@example.net,60,7.04,27.504,2007-02-25
b59b355b,Maria,Rebecca,wchambers@example.com,61,6.32,27.504,2017-06-19
71d3635b,Kevin,Matthew,paul01@example.com,77,7.12,10.5,1977-07-18
c2403653,Edward,Grace,sharon70@example.org,58,5.92,6.0,2009-08-28
4a20260c,Carlos,Crystal,changerin@example.net,52,3.12,38.0,2002-01-19
ed817029,Kiara,Dale,james94@example.net,2,1.68,2.0,1987-11-26
0723f71f,Dawn,Jennifer,jimsnyder@example.com,5,4.4,31.5,2014-06-15
9b7ea681,Dr.,John,campbellrebecca@example.net,24,5.36,11.0,1972-01-16
109898ac,Victor,Richard,adrianjoyce@example.net,18,0.0,40.0,1972-03-13
c4e91308,Shannon,John,rrodriguez@example.net,95,5.6,4.0,1993-01-02
87b03313,Tracy,Samantha,mjackson@example.net,81,4.48,16.5,1998-09-05
d83adcca,Richard,Marie,cameronanderson@example.org,71,1.44,12.0,1987-10-03
dfededa6,Jordan,Andrew,jordanhudson@example.org,45,7.2,27.504,1983-08-24
e7f08a0c,Lauren,Robert,james08@example.net,90,4.4,20.0,1992-10-07
da377141,Ashley,Kevin,erin70@example.com,79,2.88,32.0,2022-01-15
45b48afc,Stephen,Melissa,nashmarcus@example.com,76,1.36,18.5,1974-01-16
9beb15eb,Connie,John,david87@example.com,67,0.4,40.5,1979-06-25
cb7bf595,Susan,Diane,zachary03@example.org,82,7.2,48.0,1983-11-25
5f2e160e,Charles,Colin,samantha87@example.com,6,0.4,33.0,2007-03-25
4e1bb7f8,Johnathan,Laura,myersmatthew@example.net,90,5.12,26.0,2019-12-10
a9c64c06,Brandy,Matthew,mooneyjeremiah@example.net,7,1.28,28.96,1992-06-06
804e262b,Natalie,Jack,prosario@example.org,38,3.12,33.5,2021-07-15
0cd6e6cb,Patrick,Dawn,markbrown@example.net,50,3.52,48.5,2015-02-21
25067862,Brett,Jacob,johnsonryan@example.org,68,6.0,7.001,1974-03-30
e4e74d51,Trevor,Nicole,mary31@example.com,19,0.08,21.0,1986-01-13
51ad6994,Jeremy,Karen,susanwall@example.com,20,1.36,19.5,2003-08-03
8b3215b5,Ariana,Dawn,sherryparsons@example.net,57,0.24,17.5,1974-12-18
ea8120b5,Vanessa,Michael,oduran@example.com,16,5.76,34.0,2008-05-15
213b6c31,Colton,Mary,millerbruce@example.org,27,4.08,7.001,2011-07-06
23aff169,Jordan,Michael,sedwards@example.org,8,2.56,33.5,2017-11-05
f344883f,Linda,James,bryanlang@example.org,29,2.64,32.0,2022-02-05
9d11813d,Dana,Melissa,cheryl61@example.org,59,2.8,1.5,1972-05-28
bdb0fa01,Andrea,Vincent,hansenkenneth@example.com,15,0.88,3.5004,1993-07-15
66812cf0,Daniel,Charles,wdavis@example.com,8,0.56,5.5,1974-10-25
98316a09,Charles,Austin,michellecobb@example.net,65,7.04,47.0,1998-04-29
636ee328,Scott,Andrew,chavezsteven@example.com,93,0.16,21.5,2010-09-15
2ee11ee5,David,Miss,morgansharon@example.org,49,7.6,4.0,2020-04-23
138556df,Allison,Theresa,lholmes@example.org,60,6.4,7.001,2011-09-05
e1f9d8ce,Cynthia,Jessica,garciabrooke@example.org,84,0.32,25.0,1975-06-27
c4c83876,Anthony,Regina,rebeccamartinez@example.net,89,7.12,32.0,2007-07-11
bc50c8be,Nichole,Kyle,michael79@example.com,74,0.32,13.0,2002-07-31
2c755c29,Kayla,Christopher,johnrobles@example.org,68,1.2,21.0,1978-10-23
c2b2e8c6,Theresa,Aaron,larrygraham@example.net,65,6.16,31.0,1988-05-29
85defcbf,Sharon,Penny,larry82@example.org,49,2.64,37.5,2019-03-23
992146f6,Victor,Kelly,vparker@example.com,35,2.72,22.0,1972-11-03
f7585ed6,James,Brandon,tara89@example.net,80,6.48,31.5,1977-01-30
1e9c568f,Theodore,Suzanne,brianhunter@example.net,100,3.6,33.5,1972-06-03
87bc8d10,Ana,Destiny,hendersonjames@example.org,43,1.6,3.0,2003-10-17
46f942e2,Kimberly,Timothy,kristenpeterson@example.net,30,6.0,5.5,2004-07-17
ea8deab7,Kerry,Jason,dneal@example.net,77,4.4,7.001,1985-04-30
df24889e,Michael,Edward,melissa95@example.net,51,0.48,22.5,2014-04-04
8a299b84,Patricia,Tina,robert21@example.com,6,4.4,43.5,1993-11-01
bf47d8a0,Jesse,Laura,crawfordsamantha@example.net,5,6.4,15.5,1999-05-14
13a1b5d4,Jesse,Kristine,heatherowens@example.org,38,6.24,32.5,2002-07-02
1a882470,Jeffery,Tonya,timothytate@example.com,77,1.44,32.0,1990-08-25
aff5f72a,Christian,Kevin,lharris@example.org,86,3.28,25.5,1985-07-01
4f535945,Ronald,Austin,alejandro50@example.net,86,7.92,10.5,1971-06-17
eea2bedf,Parker,Megan,thomasscott@example.net,82,3.84,45.5,1973-10-07
9d385684,Laurie,Kelli,bradley03@example.org,27,1.76,18.0,1971-10-18
8f7b12ad,Bryan,Danielle,grant42@example.com,93,7.52,41.5,1983-05-08
a0d13f7a,Nicole,Samantha,gregorysmith@example.com,52,0.56,39.0,2006-05-09
7530776f,Tracy,Karen,smitherica@example.com,42,7.6,4.5,2011-05-21
224e2a87,Kenneth,Debra,morganjason@example.com,67,7.68,45.5,1995-10-26
da5aab4e,Courtney,Susan,mikewatson@example.org,85,5.52,31.5,2016-05-28
982f1a0f,Holly,Nicolas,ejohns@example.org,58,0.08,15.0,2016-07-08
1efa6705,Renee,Dale,nicoleanderson@example.org,90,5.04,7.5,2020-03-20
8aba8a28,Sabrina,Brittney,amandabenson@example.com,30,5.36,10.5,1971-03-26
d532e711,Allison,Megan,prowland@example.org,75,7.92,43.5,2007-08-07
46a01591,Debra,Pamela,melissaphillips@example.org,29,1.12,19.5,2002-10-24
4412feb0,Ellen,John,john42@example.net,12,1.28,37.0,1973-07-19
40b04104,Sergio,William,fclark@example.com,56,1.12,30.5,1996-05-06
5f43625c,Charles,William,jacksonpaul@example.net,42,5.76,10.0,2022-02-08
9e2f3daa,Paul,Kenneth,victor72@example.com,18,3.92,38.5,1995-09-03
65017f11,Glen,Karen,alicia77@example.com,79,5.52,25.0,2017-04-29
3adf3789,Paula,Jennifer,bianca90@example.org,57,0.96,1.5,1978-07-10
718f85a3,Anthony,William,patriciahayes@example.org,65,0.8,12.5,1999-03-30
4a95359d,Megan,Michael,brobinson@example.com,81,1.36,33.5,2017-09-22
56378f9f,Karla,Kevin,selenabrooks@example.net,95,5.36,18.5,1999-01-18
136de995,Paul,Debbie,taylorchristopher@example.com,7,7.84,30.5,2007-05-26
378b12dd,Douglas,John,jerry07@example.net,27,7.68,27.0,1979-05-18
dba523bb,Mr.,Jonathan,ronald76@example.com,43,0.08,42.0,1977-11-12
84b7b9d3,Aimee,Jacqueline,linda54@example.com,80,2.8,21.5,1999-10-21
f9cb17ae,Chad,Christopher,whitejesus@example.net,34,2.72,19.5,1978-01-11
b80b11df,Adam,Crystal,howardchristopher@example.net,51,6.0,19.5,2011-11-24
c35ccd6d,James,David,hartmansara@example.org,77,4.4,17.0,1995-01-09
a5eedc95,Sandra,Charles,jonesbenjamin@example.org,77,6.96,21.0,1993-12-09
15396c66,Scott,Robert,james54@example.com,79,6.48,25.0,1983-03-07
11cfbee8,Thomas,Dr.,james92@example.net,72,0.0,15.5,1993-05-08
0932de61,Laura,Elizabeth,alan44@example.com,23,7.52,48.0,1999-09-15
b0ff9dee,Brian,Jennifer,lbautista@example.net,40,7.68,29.5,1973-12-10
50fa171a,Robert,Robert,kennedywilliam@example.org,25,3.52,37.0,1986-03-17
0373784e,Tamara,Joanna,uperez@example.net,69,4.56,34.5,1985-10-16
e49c3bb9,Dana,Justin,thomasblack@example.net,20,1.44,43.5,1976-04-05
bfab316b,Jennifer,Alejandro,dsharp@example.com,40,0.8,41.0,2010-01-21
7a7cefb6,Gary,Tracey,edwardsjacob@example.net,84,5.92,19.0,1970-09-07
83bb930d,Ashley,Mariah,cclark@example.net,7,3.36,29.5,1985-06-16
0ded53bd,Hannah,Heather,brooksbarbara@example.org,61,1.04,4.5,1998-02-09
b33216f0,Robin,Dr.,sherry07@example.net,60,1.44,27.504,2020-11-12
4b423230,Craig,Mark,matthew66@example.net,92,6.48,39.5,2021-03-19
1348f142,Mary,Robert,sfarmer@example.net,51,0.56,24.5,2006-06-28
1c36089b,Kathleen,Laura,mark09@example.org,79,6.24,7.5,2008-08-27
b39fed2c,Joann,Christopher,ericcisneros@example.com,53,4.64,33.5,1973-02-11
9233c33a,Madison,Eddie,nbaird@example.com,96,2.88,47.5,1971-01-06
516e3333,Lori,Denise,fergusonjacob@example.org,27,2.64,49.0,2018-12-26
b8bb59bd,Jeremy,Heidi,ashley74@example.org,57,5.92,44.0,1987-01-03
681fc167,Anthony,Jennifer,damontran@example.org,77,5.6,28.96,1973-11-14
f9cabcbf,Jesse,Nicholas,mjohnson@example.org,79,7.36,10.0,1975-03-20
12d0b661,Angela,Mercedes,ocampbell@example.com,89,3.28,49.0,1973-11-09
7eada7f5,Lisa,Brian,gibsonmiguel@example.org,27,5.92,34.5,1978-08-16
a95f7c55,Julian,Kimberly,markbrowning@example.com,69,1.28,16.0,1999-11-05
996c53d5,Joanna,Phillip,veronicaanderson@example.com,68,0.32,28.96,1982-04-16
3f437de6,Erica,Christopher,ypaul@example.org,81,6.32,43.5,1989-03-25
bd678a47,Antonio,Ellen,monicacollins@example.net,75,0.88,18.5,1972-12-22
865eb925,Gwendolyn,Mark,kmoore@example.com,48,0.16,6.0,1991-05-18
593a1f6c,Carrie,Alyssa,waynecohen@example.com,6,1.2,9.5,1993-10-18
da2f73d3,Jeffrey,Erika,adrianthomas@example.org,91,0.48,32.5,2010-12-30
543cf51e,Jake,Kimberly,pjacobs@example.net,85,3.52,28.96,2014-08-03
f4538c55,George,Wayne,renee77@example.com,92,5.28,8.0,1986-08-15
28dc5577,Maria,Kyle,mclaughlinkeith@example.com,74,6.32,3.0,1989-11-24
092dbd5c,Michael,Kristy,isabella46@example.net,31,1.36,15.0,1978-10-30
cba02984,Mary,Emily,robertwhite@example.net,66,1.68,12.5,2011-04-01
b5d000b3,Felicia,Regina,qellis@example.org,30,6.08,12.0,1997-01-26
f27a48c1,Gregory,David,longsonya@example.org,95,4.96,3.0,2002-07-30
36a5e8ff,Jenna,Robert,joshuafuller@example.com,19,5.04,16.0,2014-10-01
4d9c66e8,Emily,John,wolfejennifer@example.org,15,1.6,18.0,1978-04-30
e4601efe,Robin,Theresa,wjenkins@example.net,56,4.48,48.0,2014-09-06
141545e9,Nancy,Jeffrey,carneycharles@example.org,50,3.12,31.5,1975-03-24
3fd4b149,Maria,Adam,robert24@example.org,73,6.64,7.001,1975-03-14
ea4bc637,Jack,Justin,murraycharles@example.net,72,7.28,19.0,1987-01-10
1ac985f7,Travis,Omar,vjames@example.com,44,2.24,46.5,2006-12-30
99f24b52,Chad,Dennis,randysmith@example.org,25,6.48,14.48,1984-01-04
6d3cae5f,Ashley,Phillip,markgoodman@example.com,87,4.0,23.0,2003-09-06
5178fdab,Sophia,Melinda,jjones@example.net,29,4.16,47.5,2017-12-29
f4b17dec,Ralph,Rhonda,jenniferkim@example.com,91,5.92,9.5,2020-01-12
fbe3c567,Christopher,Catherine,mckenzie20@example.net,47,4.08,31.5,1994-04-17
bb00c08e,Rhonda,Lisa,thompsondavid@example.net,72,6.4,9.5,1984-12-28
5f533769,Jason,Chelsea,qjackson@example.org,97,6.72,33.5,2000-03-08
4c7abd30,Jeremy,Joseph,eric52@example.org,63,6.0,40.5,2018-07-13
e396d210,Joann,Derrick,staffordamanda@example.com,57,2.16,17.0,1990-08-08
a607cc36,Robert,Crystal,copelandlisa@example.net,48,1.84,17.0,1994-12-21
d28e71d3,Holly,Glenn,myerskyle@example.org,7,7.2,17.0,2007-07-11
f95a755b,Mrs.,Mrs.,williamsnicholas@example.org,95,6.0,6.5,1989-12-01
d1c14e44,Tracy,Amy,nicholasallen@example.org,95,7.92,18.5,2014-06-25
9e9c1ff7,Brenda,John,fisherveronica@example.com,75,2.4,20.5,1986-08-14
cf366e36,Shelly,Ruth,erinbrown@example.org,16,2.72,14.48,2005-11-07
642283fa,Ryan,Randy,jenniferwilliams@example.net,43,4.4,41.0,1988-03-16
11bf0034,Phillip,Jessica,ochoamarcus@example.net,55,6.24,39.0,1991-09-13
c94ba696,Brittany,Joel,colleenvilla@example.com,31,2.4,37.5,2017-06-26
b45a1795,Courtney,Vickie,nmartinez@example.org,65,7.44,35.0,2006-11-05
03ec5953,Alexander,Emily,marcus06@example.net,72,1.52,9.5,2004-04-05
efde5d10,Cynthia,Amanda,alexander37@example.org,97,4.24,44.0,1977-02-07
fd287a2c,Alfred,Dawn,barrettjoshua@example.net,92,5.2,26.5,1973-09-04
22a4627b,Marie,Stephen,bradley36@example.com,17,0.16,33.0,1993-08-03
fc15f284,Dustin,Brian,gbird@example.net,8,0.0,2.0,1997-12-16
853c1c50,Brenda,Christopher,johnathandavis@example.com,27,1.12,5.0,2018-01-04
d9138485,Aaron,Richard,xgregory@example.net,21,5.44,20.5,2012-04-26
b29ae4ac,Ruben,Richard,martinreid@example.net,0,3.52,41.5,2003-02-01
5b76ff67,Kelsey,Jacqueline,tiffany71@example.com,93,4.72,20.5,1989-01-15
ac024a53,Eric,Brandon,franklinbrenda@example.com,79,0.48,35.0,1975-05-04
2a34a168,Riley,Yolanda,wesleybush@example.org,36,6.96,23.0,1983-11-08
c2a0fbb4,Taylor,Matthew,andrewblake@example.org,48,2.56,12.5,1979-05-02
b4ff6346,Jose,Beth,joel63@example.net,94,7.6,22.5,2005-06-15
d994f2f7,Jeffrey,Dr.,brownnicholas@example.com,77,3.92,28.96,1985-09-09
a07aaa89,Jason,Corey,edwardharris@example.org,34,7.44,18.5,1990-10-02
888c1c61,William,Chad,sandrageorge@example.com,1,0.72,15.0,2020-06-27
ab04b3b2,Katie,Mr.,dennis50@example.net,27,7.28,49.5,2007-08-19
b5d0706e,Jeanette,Cody,swong@example.org,71,1.44,34.5,1984-05-05
db89c952,Veronica,Denise,melanierivera@example.org,36,4.88,1.5,1978-05-09
51800706,Richard,Kristen,amberknox@example.net,40,7.92,30.0,1995-05-05
e7b9ce09,Lori,Edward,lauriehorton@example.org,85,0.88,42.5,2019-05-01
5b24f6aa,Evelyn,Aaron,lboyd@example.com,66,7.52,29.5,1979-08-30
d809f6d5,Robin,Cody,browntravis@example.org,10,4.64,46.5,1972-06-10
da44ae30,Julie,Patty,waltersdonald@example.org,28,1.76,26.5,1985-12-31
cc7e97a9,Robin,Mary,christopherwatkins@example.org,96,5.68,14.48,2017-07-10
00033943,Judith,Joseph,williamsimmons@example.com,95,1.44,14.002,1999-12-18
3747187d,Curtis,Lisa,frank33@example.com,63,7.6,22.0,2014-03-24
4d22e614,Kaylee,Ashley,catherineturner@example.net,70,5.68,12.5,2022-01-02
07024b35,Dawn,Russell,mfaulkner@example.com,34,1.92,37.0,2000-11-17
d033cbdf,Howard,Christina,xmiller@example.com,60,3.84,21.5,1977-10-10
544be232,Evelyn,Kenneth,cjackson@example.com,85,4.16,8.0,1971-06-14
09162c24,Steve,Kelly,ywolf@example.com,6,6.0,48.0,2003-12-14
947fc3b8,Jasmine,Jacob,gillronald@example.org,65,4.16,5.0,1972-04-19
98fe0550,Jonathan,Timothy,brooke28@example.net,73,4.32,12.5,1988-05-24
733b6ab5,Monica,Steve,jonathanford@example.com,30,5.44,29.5,1988-11-30
e1f2e93d,Samantha,Justin,nicholas97@example.org,45,2.16,36.0,2010-01-11
c713461d,Bobby,Jacob,derrick73@example.org,79,0.16,33.0,1996-02-22
f56ef97d,Lance,Deborah,adamhensley@example.net,42,5.04,21.5,1990-06-11
ef4c621b,Heather,Eric,travis66@example.net,26,6.64,17.5,1975-10-02
fee81b8f,Heather,Anne,patrick49@example.org,73,3.04,2.5,1974-01-24
92f62171,William,Chelsey,hdyer@example.com,23,0.56,13.5,1988-12-28
8e156d7b,Mark,Mario,jamesgraham@example.com,85,4.56,20.0,2011-06-30
6ae88efa,Meghan,Jennifer,william75@example.net,8,3.36,48.0,1996-02-16
1cd61b98,Lawrence,Heather,curtissara@example.net,92,6.56,31.0,2003-09-17
e39b2fba,Austin,Sonya,johnjohnson@example.com,63,7.84,9.5,1971-04-14
52e29a93,James,James,terrydeanna@example.com,1,6.88,39.5,1996-01-14
26ad7f24,Meghan,Zachary,jblackburn@example.com,72,4.56,15.5,1996-03-05
cd275238,Phillip,Ethan,carrielynn@example.org,72,3.12,15.0,2000-03-20
595bc200,Jennifer,Jacob,wilsonchristopher@example.net,38,1.52,31.5,1973-01-08
089ff8cb,Brian,Nicholas,lsanders@example.org,36,4.24,50.0,1985-04-10
ec1034ad,Mr.,Cindy,nancymartin@example.com,81,1.52,21.5,1984-01-01
677d0002,Zachary,Dawn,heather88@example.net,46,2.64,47.5,1995-10-25
e5c775df,Katherine,James,uwillis@example.com,98,4.32,27.0,1982-07-20
7d3c5251,Jodi,Ms.,rodriguezashley@example.com,76,7.52,42.5,2014-11-28
090a2c72,Brandon,Eric,josephclark@example.net,61,6.64,42.0,1999-05-03
84b945f9,Emma,Alison,ahale@example.org,62,3.44,41.0,2006-03-28
aed0f502,Joshua,Desiree,esmith@example.net,49,0.08,4.5,1973-07-22
ed195df2,Michelle,Tammy,pwarren@example.com,27,5.92,36.5,2014-12-10
a5a96feb,Rebecca,Henry,xjackson@example.org,63,2.88,36.0,1990-10-07
71f3a77d,Curtis,Kevin,jameswhite@example.org,35,4.08,13.5,1972-02-18
04aa2526,Allison,Anna,nbradley@example.org,49,2.48,35.5,2006-11-08
3f409d59,Robert,Morgan,brianwhite@example.org,99,4.08,17.5,2021-12-03
033e4f4e,Angelica,Carrie,tonya67@example.net,30,2.72,33.5,1993-09-01
3a71707e,Dr.,Laura,oneillgabriel@example.com,48,4.08,10.0,1971-10-09
2d62ad63,William,Elizabeth,grayjoshua@example.com,11,1.84,17.0,2011-06-05
9d5ac975,Michael,Angela,richardstimothy@example.net,37,2.96,19.0,2021-05-05
1ecc432f,Penny,Hannah,smithjoseph@example.org,5,7.44,3.0,1992-11-17
3b2723d5,Vincent,Sean,davisalexa@example.org,33,4.96,15.5,1987-11-13
35227fb8,Amy,Matthew,wmorrison@example.com,71,7.28,27.0,2021-04-06
a3bba858,Christopher,Richard,vkennedy@example.net,50,3.84,47.5,2010-03-20
b85e9f6a,Hannah,Andrew,rrogers@example.com,91,6.32,44.5,1984-09-26
a0569af7,Sarah,Jonathan,lisa56@example.com,33,1.68,32.5,2021-07-13
c892c0b3,Krista,Nicholas,hestermorgan@example.org,40,0.4,30.0,1971-11-11
6ac7ae88,Joseph,Kurt,bryantholly@example.net,82,5.52,20.0,1993-03-15
7e6c65da,Todd,Dylan,anthonymartinez@example.net,46,0.08,28.46,2019-05-23
4e96ccc8,Michelle,Bradley,stephanie35@example.com,79,1.44,8.0,2012-04-18
1fef504f,Kristy,James,qrobertson@example.org,78,7.68,26.0,1999-07-17
b97d8b58,Angel,Patricia,andersensusan@example.com,89,5.12,48.5,1999-02-04
fc1468d3,Marilyn,Justin,schultzmorgan@example.net,89,3.68,28.96,2019-08-17
671e7455,Mark,Christina,erica39@example.com,12,6.72,8.0,2020-01-17
deccc039,Donna,Danielle,ystevenson@example.org,27,1.04,33.5,2021-03-15
5e8c0081,Dr.,Erica,ronnie71@example.net,10,0.48,45.5,1973-11-20
fb7b6e08,Anthony,Michael,mcarter@example.net,70,1.84,3.5004,1977-06-07
c5a7d8c9,Mr.,Frank,mollywalter@example.net,3,7.12,0.0,2007-08-27
824e3b19,Morgan,Eric,andersonlaura@example.com,31,7.04,42.0,1996-05-30
d156c6f6,Bianca,Wanda,cjackson@example.org,65,7.12,22.0,2019-01-31
7c8e0bb3,Emma,Andrew,pbates@example.org,77,4.8,44.0,2016-02-20
9fdfffaf,David,James,georgeraymond@example.net,67,4.64,13.5,1989-07-23
1fa2cb63,James,Ashley,garciavictoria@example.org,99,3.92,5.5,2006-05-23
69beca74,Sean,Tammy,sarahnguyen@example.com,97,2.4,46.0,2001-07-17
80935435,Kenneth,Alexis,jeffrey47@example.net,41,1.36,1.0,1998-11-04
c04912e2,Kathleen,Jerry,wadesandra@example.net,48,7.04,4.5,2008-12-19
121c514d,Mr.,Joshua,sdavis@example.com,49,3.68,40.5,2018-12-11
f6aba7ac,Cindy,Deanna,sarahmiranda@example.net,42,6.96,19.0,2008-09-03
aaa47378,Johnny,Brenda,schneidernicholas@example.net,38,0.88,40.5,2022-05-01
81723000,Julie,Kevin,yvaldez@example.net,55,4.8,2.5,2005-04-24
6fa512be,Jessica,Christopher,ostokes@example.com,90,4.16,48.5,1987-09-13
b87c283c,Pamela,Lisa,carterdaniel@example.com,52,7.04,37.0,1981-01-23
c3fb31bd,Kelly,Alejandra,juliewilson@example.com,38,7.84,36.0,1995-12-13
7340f5ad,Angel,Samuel,melissafinley@example.net,53,3.84,3.5004,2001-10-20
2d373bd6,Diana,Alicia,collinsbrittany@example.org,57,1.76,44.5,2020-09-27
ed5c239e,Barbara,Crystal,uwhitney@example.com,66,4.56,33.0,1986-03-19
58d8a07f,Robert,Ariana,aprilguzman@example.org,90,4.32,18.0,1978-12-22
c3b1641b,Nicole,Kim,fosteramanda@example.com,51,5.68,34.5,1971-01-13
7f89b3fd,Kathryn,Judith,duane43@example.com,79,0.48,45.5,1989-02-06
572556e5,Gary,David,shernandez@example.org,35,7.44,13.0,2016-06-14
f355c4c1,Larry,James,georgekyle@example.net,47,2.08,29.5,1988-09-03
5ef8643c,Louis,Harold,hillmelanie@example.net,34,6.72,23.0,1975-10-28
d4b31d91,Nancy,William,nwelch@example.com,89,4.16,24.0,1987-01-04
44041e4e,Kim,Lori,janet60@example.com,59,3.92,3.0,2006-12-09
45367725,Robert,Robin,mariaclark@example.net,47,1.12,39.0,1990-02-17
feb7bebd,Veronica,Diana,isabellawilliams@example.org,46,3.36,4.0,1992-12-20
d1609907,Molly,Mary,tluna@example.net,22,4.64,46.5,2008-11-11
2c7bac19,John,Tyler,vickiekelley@example.com,31,7.2,34.0,1996-11-07
4df3d3da,Paula,Crystal,wgregory@example.com,8,6.16,24.0,1972-08-17
d5bf0ef9,Lauren,Wesley,ujones@example.com,75,5.68,8.0,2011-11-21
4be6cae4,Lisa,Joshua,heather38@example.com,41,6.32,47.5,1988-08-31
e129c224,Michael,Joshua,andersonkaren@example.net,27,7.6,12.0,1994-08-12
6ffcde24,Ashley,Ellen,hornjenna@example.com,33,2.96,37.5,1988-04-15
649c5b99,Christian,Brandy,barbararamos@example.com,86,3.12,12.5,2014-11-11
bfee14c8,Reginald,Brianna,phyllis33@example.net,74,0.88,14.48,1987-01-18
1b1bf1f8,Nancy,Emily,jillsmith@example.net,87,1.04,23.0,2014-06-10
59d7d216,Daniel,Bailey,gregoryvanessa@example.org,56,5.84,33.0,2011-05-17
60de6bc9,Kelly,Monica,bclements@example.net,74,6.8,48.5,1970-11-03
5507bcc0,Thomas,Jennifer,saradavis@example.com,28,2.96,30.0,1978-06-17
3ca95ef9,Raymond,Timothy,sierrawilson@example.net,55,2.48,37.0,1990-11-19
89bba018,Melissa,Denise,brittney26@example.org,47,5.92,45.5,2008-09-06
d2e19a25,David,Cody,wilsonrandy@example.com,83,1.76,13.0,2014-12-19
8b8b957d,William,Debra,denisebennett@example.net,51,1.76,31.0,1991-11-05
c00e9fc2,Daniel,David,stricklandmichelle@example.net,50,4.96,40.5,1988-01-01
650c4d25,Gregory,Michael,phill@example.com,32,0.0,45.5,1982-03-02
4b563435,Denise,Lisa,alexander11@example.org,51,5.04,28.004,2000-03-14
91650089,Jamie,Samuel,gmay@example.org,82,2.24,43.0,2001-06-28
8b969453,Tina,Corey,matthewsvanessa@example.com,32,4.24,22.0,1971-03-06
42788371,Dwayne,Alexis,heather19@example.org,75,0.4,22.0,1999-12-09
2944cb35,Jeremy,Patrick,pwashington@example.net,41,0.72,36.5,1970-08-09
396aac6f,Dale,Andrea,ievans@example.org,77,3.04,1.0,2001-09-28
7305bff8,Melissa,Dr.,bryan82@example.com,65,1.2,30.5,1972-07-08
b348bdcf,Laurie,David,longlisa@example.net,34,0.16,48.0,1994-05-31
d5bda059,Kiara,Nicolas,lbrown@example.net,14,1.44,17.5,2002-09-05
7bfd18b5,Jason,Logan,molinajared@example.net,23,2.72,17.0,2013-05-26
ef37ce16,Randy,Kelly,whitecarol@example.org,51,5.28,36.0,2007-11-17
daca5903,Tanya,Kelly,peterslauren@example.org,18,6.56,31.0,1984-10-28
7e0bd61b,Sherry,Amanda,andersonjamie@example.org,8,3.84,23.0,1997-10-22
cc09cce8,Victor,Jennifer,hartmelissa@example.org,42,3.76,39.5,1973-12-27
e8f59478,Susan,Kelli,whitneywilliam@example.com,23,3.84,40.5,2009-06-10
087ae573,Kimberly,Eddie,rodneylandry@example.org,55,0.72,25.0,1975-06-01
47758de9,Susan,Ronald,kevinshah@example.net,17,7.04,44.0,1988-10-24
2cf5b8d3,Casey,Louis,donna72@example.net,19,7.84,40.5,2011-07-14
7a4505d1,Jennifer,Brenda,hneal@example.com,88,2.72,17.5,2007-07-12
e316ae82,Tammy,Nathan,haileybates@example.org,77,4.48,7.5,1991-05-16
0afb3f34,Keith,Teresa,benjaminthomas@example.org,23,4.72,35.0,1974-05-11
0c8f95b8,Mrs.,Jason,carrierobinson@example.com,38,7.44,2.0,1999-12-22
6b9ee085,Todd,Kevin,david96@example.org,39,1.68,38.5,1982-03-28
8233d97a,Brian,Jesse,jorge26@example.com,26,7.44,3.5004,1987-07-23
e0b8e6eb,David,Susan,duffyerica@example.net,79,6.4,11.0,2022-02-15
4fd4f0b0,Rachel,Becky,amandajones@example.net,53,2.88,15.5,1988-10-16
25083962,Casey,Jack,wanda35@example.net,44,0.16,38.5,1987-08-30
2bd3d44b,Samantha,Richard,roberthernandez@example.com,2,4.08,5.0,2003-09-06
9a7091f0,Michael,Jamie,mjohnson@example.org,27,1.92,35.0,1978-08-29
058fc68c,Franklin,Susan,nelsonamanda@example.net,55,2.72,4.0,1985-06-23
b1d8b897,David,Brittany,ojones@example.org,3,2.56,38.5,2012-11-23
ee0fe18d,Elizabeth,Michael,regina42@example.org,52,3.04,24.0,1981-11-16
0a9430d2,Matthew,Randy,alejandro63@example.com,42,2.32,32.5,1979-12-31
9f891fc5,Bryan,Autumn,pattondavid@example.net,85,1.68,38.0,2012-01-20
96bbf4b3,Jonathan,Marcus,brianna71@example.net,2,5.6,37.0,2014-08-22
e519113f,Emily,Scott,jackie48@example.com,6,1.68,0.5,1973-05-17
bb779932,Elizabeth,Stephen,mosleygeorge@example.com,98,0.8,17.5,1985-11-01
a6d29685,Casey,Karen,michaelfigueroa@example.net,3,2.56,13.5,1977-10-15
42f1f694,Lisa,Kyle,iwoods@example.com,5,6.8,12.0,2014-07-19
fe538449,Kaitlin,Lisa,parksjennifer@example.net,57,2.72,6.5,1972-08-14
c0c6080e,Colleen,Amber,douglasbradley@example.com,34,6.32,31.0,1982-07-16
d70e4512,Shelley,Amanda,sellersdanielle@example.com,91,1.92,40.0,2016-07-29
1283453e,Michael,Sara,erikabarnes@example.com,21,4.08,11.5,2004-06-25
e41ed4ff,Amy,Amber,scottgomez@example.com,38,6.4,30.0,1999-12-18
0bb8f20f,Laura,Michael,joshua68@example.net,76,5.2,34.5,2009-06-18
d3064854,Joseph,Linda,kevinhodge@example.com,97,3.68,24.5,1991-08-06
c8f6d5c5,Kevin,Jesse,ftownsend@example.net,66,4.32,32.0,1972-11-08
d6300fe0,Rhonda,Anna,jonesjohn@example.org,28,6.08,38.0,2007-08-30
22d8a7ed,Joyce,James,barbaramiller@example.com,46,5.92,46.0,2018-10-26
4241dc88,Robert,Joshua,astokes@example.com,2,1.44,20.5,1985-07-06
936087c4,Robert,Michael,timothyrobertson@example.net,11,7.44,12.5,1974-02-20
2c01e820,Amber,Kelly,sullivanchristina@example.net,2,7.04,2.5,2018-08-17
8aaa56ad,Zachary,Ashley,kleinjacqueline@example.net,91,7.44,9.0,1987-08-18
7734e35b,Timothy,Victoria,john89@example.org,1,6.08,16.5,1987-07-09
444fef65,Randy,Taylor,roconnell@example.net,24,7.6,37.0,1971-02-05
eef8f7e2,Maria,Lee,gregoryrichardson@example.org,30,2.56,29.5,2016-03-01
0a3c6b55,Janet,Whitney,stephanie67@example.com,9,1.68,21.0,1994-01-17
74ca74d6,Michael,Justin,nathanielwilson@example.net,77,6.8,26.5,2006-10-11
952504db,Martha,Katherine,marierosales@example.org,77,5.92,42.0,2018-11-18
0b4a0a85,Joshua,Michelle,kevin44@example.org,86,0.16,12.5,1973-01-16
4751119b,Courtney,Alexander,rojasashley@example.org,71,6.72,16.5,2010-11-14
31f7efa3,Edwin,Ryan,sarah80@example.com,95,2.4,15.0,1985-12-21
5e72d1c7,Kim,Mrs.,abrown@example.net,98,2.08,4.5,1993-10-19
ef5493d4,Gregory,Curtis,wmurphy@example.org,77,7.28,24.5,1977-06-06
59fa0424,Molly,Elizabeth,baileyjennifer@example.com,49,6.48,49.5,1975-04-10
94dc7718,Jennifer,Aaron,alan67@example.org,31,7.2,34.0,2004-07-01
1d31bb06,Alexis,Nathaniel,ricerachel@example.com,25,4.16,15.5,2000-03-15
0d0c7879,Andrew,Christopher,gentryadam@example.net,25,4.96,13.5,1977-09-14
b9082931,Amber,Michael,jeremy65@example.com,68,7.2,16.0,2004-10-10
6bbfccdd,David,Maria,ross28@example.com,72,3.92,19.5,1975-04-10
b3b7ccf1,Amy,Stephanie,mayodiana@example.com,6,1.52,16.0,1986-02-16
3487e0d3,Robert,Richard,donaldburgess@example.org,0,3.44,18.0,1983-11-20
3a01e359,Kyle,Sandy,nicole31@example.org,59,3.76,12.0,1992-03-03
a5b11df8,Eric,Emily,billy66@example.net,8,6.64,10.5,2008-10-24
a3e470ba,Connie,Michael,rachel23@example.com,69,4.0,29.5,1995-04-10
8ea29cf0,Travis,Heather,david78@example.com,61,3.36,50.0,2016-05-05
64049556,Lori,Andre,markduran@example.com,69,0.56,44.5,1998-04-22
83aef924,William,Sarah,ganderson@example.org,9,2.96,18.5,1974-11-10
65aefc36,Emma,Kurt,ericporter@example.net,41,6.56,21.0,2013-09-06
5aaef92d,James,Michele,brettgallegos@example.com,63,2.24,43.5,1999-01-09
73ba97d0,Samuel,Jason,hamiltonkeith@example.com,65,5.68,16.5,1989-04-07
abd08fb8,Renee,Jesse,hodgesjohn@example.org,1,0.08,48.0,1979-09-27
8461e180,Tracy,Eric,johnwang@example.com,58,1.52,6.0,1971-09-06
eefe3c7f,David,Paula,elizabethpatterson@example.com,49,7.84,22.0,1992-03-22
abaf2b2b,Tammy,Alexander,hayneswayne@example.org,42,4.16,22.5,2011-04-22
61295a53,Nathaniel,Cheryl,victoriagarza@example.net,100,2.32,34.5,1994-07-08
f678d466,Michael,Kelly,jeromeanderson@example.org,12,5.44,26.0,1992-10-18
a114b1c1,Chelsea,Shane,veronica26@example.org,21,5.2,3.5004,1997-10-10
a5701b2c,Kristin,Megan,christopherwilliams@example.com,2,3.12,16.5,2014-05-15
411760e7,Felicia,Julia,isabel33@example.com,64,6.64,24.5,1995-07-02
c33602a2,Timothy,April,gmendoza@example.com,48,0.8,27.504,2002-01-11
43d3c313,Zachary,Linda,torresjoseph@example.com,5,6.72,11.0,1990-01-04
9dd6997b,Larry,Angel,jennifer35@example.org,74,0.4,20.5,2012-04-27
a2dbf417,Kristen,Emily,blakewilliams@example.net,56,4.8,23.5,1972-02-14
0c384edc,Joseph,Steven,jason74@example.net,68,2.56,0.5,1980-11-28
26650b60,Jose,Donald,jordanjohnny@example.com,3,3.2,3.0,1995-01-24
285ee22a,William,Bruce,matthew11@example.net,74,0.8,18.5,1973-01-13
a7bfdc0d,Suzanne,Adrian,vegakaylee@example.org,36,1.68,43.0,1989-10-17
fd5607b3,Justin,Christine,michael59@example.net,39,4.88,19.5,1980-03-18
37fd3704,Dean,Charles,john43@example.net,81,2.64,28.96,2010-03-27
6444cb33,Jennifer,David,gmiller@example.org,3,4.64,34.0,1971-09-27
7b35b8b7,James,Gina,williamstanya@example.net,28,1.04,18.0,1977-03-25
57a0ffc4,Mr.,John,jamesgriffin@example.org,22,2.56,41.5,2011-06-12
a534cd50,Maria,Anthony,mcmahonchristine@example.com,77,3.92,1.0,1984-05-23
87b72910,Robert,Kyle,mmayo@example.net,56,7.68,17.0,1991-04-23
805348c9,Katherine,Melissa,bradleylee@example.net,27,1.12,44.5,2004-10-04
a087dd81,Maria,Robert,patricia85@example.com,93,0.88,40.0,2018-09-16
87250177,Ryan,Kim,hsoto@example.com,36,0.64,21.0,2020-06-30
b608f95d,Pamela,Julie,webbalexandra@example.net,7,3.04,30.0,2004-07-31
89af9ede,Crystal,Tamara,jacksonjoshua@example.org,65,1.04,20.0,2009-07-27
18afc9d6,Jonathan,Michael,brandon90@example.net,31,7.2,24.5,2018-07-05
7a90dfb2,Mary,David,joysanders@example.net,5,1.28,40.0,1993-05-31
79631b5d,Mr.,Lisa,martinkaren@example.com,78,3.28,4.5,1984-08-15
4f50739b,Joseph,Michael,rmorales@example.org,30,6.64,43.5,1995-10-13
6fc02f9e,Alicia,Sonya,adamarmstrong@example.net,52,5.68,8.5,2009-08-26
1fb9337c,Renee,John,suarezkrystal@example.com,44,0.64,4.0,1972-03-21
9f33a6d0,Brent,Christopher,kevin34@example.net,30,6.24,2.5,2014-09-18
21207957,Joseph,Bethany,andrea23@example.org,95,6.48,5.5,2019-06-04
3f661bea,James,Rebecca,kellybowman@example.com,66,8.0,44.5,1980-03-19
b9b0bc75,Karl,Rebecca,josephgibbs@example.net,4,4.08,42.0,1995-12-08
671dd10c,Michael,Jason,veronicaclark@example.org,51,2.08,21.5,2021-11-23
84387643,Shannon,Valerie,wongcynthia@example.com,17,0.56,47.0,2014-03-07
760bf7ef,James,Robert,christopher84@example.net,9,1.76,16.5,1975-05-04
50700b59,Adam,Jessica,rickycarr@example.com,76,1.76,37.0,1975-04-06
cc018995,Mr.,Cynthia,garrettalex@example.com,85,0.96,20.0,1985-04-13
694f2716,Joseph,Timothy,jessicaramirez@example.com,44,3.04,44.0,2008-06-23
f11e1621,Sean,Mr.,medinatiffany@example.net,82,7.36,44.0,2004-04-06
28d9f893,Anthony,Casey,sharphailey@example.net,65,4.56,10.0,2009-02-02
48b656dc,Stephanie,Brian,molly98@example.org,17,2.64,22.5,2012-11-22
ecf94410,Timothy,Jamie,rwalker@example.org,40,2.4,35.0,2007-04-23
d94a2f46,Laurie,Ann,omoore@example.net,25,8.0,38.0,2019-12-12
a0de4cb5,Jennifer,Stephanie,erichardson@example.org,55,6.08,9.0,1998-06-14
39a413b8,David,Charles,lwhite@example.org,99,3.04,29.5,2006-09-05
a7bd130b,Steven,Jean,ashleyharding@example.org,4,4.88,1.0,2019-11-19
bed0351d,Brenda,Michael,andrew22@example.com,83,4.16,46.0,1978-04-02
d0d81bec,Kathryn,Susan,chadjones@example.org,4,2.88,33.5,2005-11-30
23cfcfaf,Jeffrey,Jessica,zstout@example.org,60,1.76,45.0,1973-07-02
2822bb59,Randy,Brandon,jessicamorton@example.net,66,0.0,40.5,2011-04-25
803318ae,Raymond,Mrs.,grayandrew@example.org,63,6.64,30.0,2002-02-21
5ac58995,Willie,Joshua,andersonkayla@example.com,28,5.12,7.5,2014-11-10
9cca11d5,Todd,Samantha,sheenagreene@example.org,27,3.12,27.504,2005-09-09
af15518f,Mary,Sharon,danielsloretta@example.net,23,1.52,27.504,2005-05-30
3398948b,Rebecca,Jennifer,harristimothy@example.net,7,7.04,39.0,2000-01-05
c8aaf28d,Christian,James,tochoa@example.com,23,7.2,7.5,1991-07-27
83a94411,Nancy,Karen,dmoore@example.net,48,0.48,28.004,1988-04-26
c3a614f4,Aaron,Tim,courtney10@example.org,92,3.2,28.004,1983-04-10
ed5cd3df,Derrick,Zachary,stephenscurtis@example.com,13,4.56,39.5,2009-02-22
cb9f0b47,Jerry,Benjamin,aaronwalker@example.org,14,0.96,27.0,1989-12-11
41d93657,Alexander,Katelyn,wcruz@example.net,67,2.96,40.5,1986-08-10
9ac628e5,Kyle,Angela,jeremiah61@example.com,78,3.44,4.0,1992-05-14
ab6b9446,Edgar,Richard,vickiwalker@example.com,39,0.88,1.0,1986-07-17
4b333ee6,Steven,Christopher,charles51@example.com,58,0.4,47.5,2022-03-28
896c8d30,Laura,Joanna,huangcassandra@example.org,86,0.64,8.5,1994-08-19
b63b4c05,Charles,Larry,mmoreno@example.org,58,6.16,21.5,1985-09-17
adae0826,Arthur,Cynthia,qhernandez@example.net,35,4.08,32.0,2001-01-07
e8e9ab3f,Mr.,Joshua,colleen45@example.org,60,7.6,19.5,1991-06-04
0600abf8,Linda,Laura,sabrina54@example.net,76,0.32,29.5,2020-11-30
bf1bbcf5,Eric,John,mccormickmichelle@example.org,78,4.72,13.5,1977-11-08
fe56c643,Manuel,Nicholas,lukemyers@example.net,56,6.0,29.5,2017-03-01
8902a6e8,George,Dr.,hbriggs@example.net,72,1.68,47.0,1986-05-28
a6400080,Valerie,Ann,rmoyer@example.org,21,4.72,12.0,2000-04-13
519c836f,Travis,Toni,morrisdavid@example.com,30,1.44,3.5004,2019-11-13
0962e43e,Vincent,Rebecca,luis67@example.net,70,4.56,15.5,1997-11-23
525ad1d3,Michael,Greg,oguzman@example.com,25,0.08,20.5,1994-08-17
45fddabe,Dana,Jose,leahvaldez@example.org,59,1.76,28.46,1975-06-04
6ac42b7f,Jenna,Jennifer,fbarnes@example.net,72,0.24,40.0,1993-12-14
9aa94d77,Leslie,Donna,opatel@example.com,14,3.68,36.0,2008-02-21
2b5cd2bc,Krista,Nicole,carpenterrobert@example.net,28,1.52,36.0,2004-05-29
daacc8c1,Michael,Amy,jacquelineyoung@example.org,49,2.96,47.5,1975-03-16
54bbb64e,Michael,Anthony,victoriasmith@example.net,17,5.36,19.0,1994-08-27
ec2e0da7,Jennifer,Lori,hrosario@example.org,10,6.72,12.0,2014-06-17
b66151a5,Dana,Jonathan,michael24@example.com,81,1.6,13.5,2002-12-12
b48e0416,Rachel,Casey,maryarnold@example.com,31,3.12,13.5,2011-03-09
2d40c78d,Karen,Alexis,jasonwalker@example.net,73,4.72,37.0,1985-09-04
3a49be8a,Melissa,Kevin,daviddominguez@example.org,14,0.24,23.0,2000-07-21
e7e6ef7f,Heather,Robert,squinn@example.com,25,3.2,42.5,1998-07-03
50c9532a,Margaret,Kari,brian19@example.org,42,2.24,16.5,1985-08-20
386eb912,Mary,Grace,kmonroe@example.org,76,1.04,5.0,2008-09-29
a77d61b3,Amanda,Timothy,michaelmiller@example.org,23,5.68,28.46,1978-07-11
fd29a70a,Jennifer,Wyatt,carrolllisa@example.org,70,1.92,0.5,2006-08-02
5f5c65b3,Jessica,Mark,terrytaylor@example.net,3,2.16,25.0,1986-09-02
5d13a633,Jorge,Haley,theodore57@example.net,86,4.48,26.5,1997-09-27
37b6f25c,Laura,Audrey,mitchelleric@example.net,56,2.8,17.5,2015-11-15
19fadaf4,Raymond,Eric,munozglenn@example.org,94,6.48,46.5,2009-10-17
eb11d0df,Haley,Kim,sandersrodney@example.com,98,2.8,35.0,2015-04-26
1e2322ff,Jason,Karen,samantha84@example.net,76,3.36,4.0,1979-05-27
6a096629,Todd,Alexandra,rodneymoore@example.org,33,8.0,39.5,2011-03-17
f11c9caf,Jesse,Michael,ispence@example.net,3,3.04,35.0,1987-09-18
34d0706d,Mr.,Amanda,richardbrown@example.com,35,6.32,16.0,1989-07-10
07287620,Eric,Tina,lynndaugherty@example.net,44,6.4,4.5,1993-03-30
c0dd542c,Samuel,Shannon,velasqueztaylor@example.com,21,3.36,33.0,1991-05-11
2b65e1f6,Carly,Brett,kwilcox@example.org,42,4.4,2.5,1978-01-11
5878ba66,Christopher,Raymond,deborah34@example.org,54,1.92,1.0,1975-07-19
2c40fc42,Tina,Leah,millercarrie@example.com,13,1.36,27.504,1997-10-19
d002ddbe,Cody,Michael,allenfrancisco@example.org,35,0.72,20.5,1998-08-26
d47a1945,Allen,Megan,lewisalex@example.com,19,5.2,42.0,2004-05-14
da8ed824,Kevin,Brent,andrealittle@example.org,81,4.72,42.0,1980-02-06
53528ff7,Christine,Daniel,josephdavila@example.net,47,4.88,17.5,2009-03-13
f0fce8fc,Amy,Alexander,elliottkristy@example.org,76,6.88,7.001,2003-08-19
eb7dcc4b,Chelsea,Mary,edwardssherry@example.org,76,2.24,42.0,2013-01-19
a59878b0,Dennis,Margaret,karen68@example.org,85,0.72,28.004,1983-06-25
3439bc98,Margaret,Scott,karen52@example.net,58,6.08,18.5,1982-03-30
86f13e9b,Laurie,Stephanie,riverapeggy@example.net,63,7.04,20.0,2000-11-24
a82d1890,Lisa,Stephanie,shawkimberly@example.org,39,7.28,6.5,1971-01-21
7fc890e6,Elizabeth,John,cwoods@example.com,29,0.24,25.5,1981-05-08
a8d5db6d,Cesar,Tammy,edwardford@example.net,25,1.04,5.0,1978-03-22
54eebb47,Clayton,Steven,cisnerosjesse@example.org,58,1.6,3.0,1998-06-27
b7b9213d,Jennifer,Christopher,kaylamartin@example.net,3,2.0,26.5,1987-12-04
b462c447,Cody,Janet,seth25@example.com,77,7.2,12.0,2022-02-03
3d54b483,Maria,Tyler,cindy60@example.net,42,4.96,25.5,2007-09-28
68a0c1cd,Katherine,John,nallen@example.net,29,7.12,7.5,2018-05-30
4d328e51,Jerry,Cassandra,rubioashley@example.com,1,1.76,1.0,2001-12-22
7ef9a634,Adam,Randy,ballarddouglas@example.com,45,6.4,2.5,2020-07-20
087b58d0,Tracey,Susan,portershawn@example.org,73,5.68,45.0,1976-11-15
04c77604,Michael,Benjamin,evan49@example.com,16,6.24,37.0,1978-08-08
eccf8b64,Bradley,Jeremy,christopher27@example.com,76,7.6,19.5,1972-04-26
52b36430,Donald,Martin,wgood@example.com,78,1.04,21.0,1999-05-11
2e2cdffe,Jim,Deborah,shelbybonilla@example.com,43,6.56,31.0,1971-08-18
3429bce8,Krista,Laura,coxjustin@example.com,54,4.0,39.5,2016-12-16
aeca3fad,Reginald,Katherine,scotthunt@example.net,47,0.88,19.5,1981-05-12
50b1ccd7,Rodney,Priscilla,nathaniel68@example.com,49,6.8,14.002,1974-12-20
a1197bd8,Kimberly,April,natalie09@example.net,26,0.64,19.0,1979-01-04
0f497ad5,Ronald,Karen,figueroajohn@example.net,73,7.44,41.5,2005-01-14
2ce17782,Zachary,Heather,mooredaniel@example.com,62,4.72,23.5,2006-01-08
f734984c,Robert,Mark,ashleynash@example.org,82,5.52,18.0,1996-05-30
7f29cb37,Patricia,Joseph,qsawyer@example.org,69,7.2,4.0,1998-09-28
dea05ff6,Heather,Joe,steven87@example.org,4,1.76,11.5,1994-02-11
4f9b6d6c,Carol,Cassandra,whitedaniel@example.com,27,5.12,27.504,1978-09-03
b3651ab7,Daniel,Connor,vgonzalez@example.org,45,7.6,49.5,1997-05-18
18ec6a7a,Douglas,Lydia,matthew97@example.org,34,4.72,3.0,2017-06-05
92b8c005,Michael,Mark,dwilson@example.org,68,3.92,28.004,2007-11-25
176f3e0b,Scott,Corey,stacythomas@example.org,54,1.28,30.5,1986-06-06
99cf3108,Anna,Katherine,ashley96@example.org,9,6.24,31.0,2018-06-14
6481d6f3,Tamara,Elizabeth,kristine73@example.org,39,4.0,16.0,1989-12-19
34732085,Beth,Joann,mirandacisneros@example.net,93,4.08,10.0,1978-02-06
565b916b,Michael,Anthony,onelson@example.org,60,4.48,15.5,1992-12-02
2f0bd290,Megan,Bruce,thomasjoshua@example.org,44,6.88,8.0,1992-11-28
13e7ff64,Debra,Judy,morgan76@example.net,28,5.84,6.0,2010-04-02
7c1e6a1a,Mark,Brittany,elizabethgreen@example.org,64,4.32,20.0,2011-06-05
def74ce6,Jose,Amanda,jacobsonroy@example.com,96,0.32,16.0,2011-12-18
92dda6da,Jackie,Kaitlin,jamesmcmahon@example.com,53,2.16,6.0,1977-05-02
ed70f0b4,Aaron,Michael,ynichols@example.org,8,1.92,44.0,2019-02-22
1c99a5ed,Monica,Anthony,sgomez@example.net,39,5.52,29.5,1973-01-29
42813001,Heather,Joy,jmorrow@example.net,63,5.68,10.5,1975-01-08
c50ff180,Claudia,Sabrina,christiancontreras@example.net,69,4.72,11.5,2020-04-09
b3059ebe,Derrick,Robert,mariodowns@example.net,35,2.0,16.5,1994-02-26
d8efb689,Kenneth,Robert,alexis72@example.com,69,6.32,8.0,2000-07-19
3997dd34,Mr.,Erika,daniel64@example.net,63,4.16,1.5,1997-10-28
fd330326,Richard,Brenda,mcneilsherry@example.org,72,0.72,41.0,2012-12-05
852c2ddd,Scott,Pamela,lfowler@example.org,69,3.28,19.5,2000-08-09
493805b4,Tyler,Bryan,robinsontiffany@example.com,77,6.08,44.5,2020-05-28
bcdefa56,Bonnie,Michael,carolynrobinson@example.org,27,0.0,28.004,1999-08-26
0f2eaebd,Timothy,Timothy,teresaray@example.org,62,5.6,13.0,1989-09-08
69a829bb,Danielle,Ryan,lisa04@example.com,75,7.44,11.5,2021-07-23
52b3fdd9,Carol,Alexis,lyonsdeborah@example.com,28,3.52,43.0,2002-06-20
80318524,Michael,Christopher,wjenkins@example.net,8,4.88,26.0,2017-08-23
1b397c66,Michele,Stacie,wmills@example.com,50,0.88,12.5,1979-02-28
26ce6924,Casey,Patricia,housestephen@example.com,55,0.16,34.5,2019-11-29
c4981ec5,Alexandra,Mark,angelamartin@example.com,54,3.76,30.0,1982-06-26
cbcceb86,Virginia,Todd,qmitchell@example.net,27,4.56,37.0,2019-04-01
6a4aed30,Benjamin,Christopher,swalters@example.net,99,2.8,22.5,2022-02-14
578e3fc1,Ashley,Lori,cowanlinda@example.org,71,4.16,39.5,2010-02-13
a58e9df2,Breanna,Aaron,bankschristina@example.com,34,4.96,9.5,2004-08-30
dcfce1d9,Brandi,Joseph,crawfordkaren@example.net,71,0.0,13.5,1975-09-14
3f583478,Joseph,Philip,schultzwesley@example.org,17,5.12,12.5,1980-05-12
a881127b,Jessica,Randy,melissa33@example.com,82,4.96,30.5,1970-07-13
4b3d89eb,Brittany,Cory,ewilson@example.org,80,7.76,16.5,2010-05-23
8bf13840,Shannon,Tracy,tammy76@example.net,72,6.56,37.5,2010-05-11
c2dd388b,Paul,Michael,xsmith@example.org,16,1.76,21.5,1995-03-04
efcf6e12,Victor,Dominique,joseph44@example.com,14,5.52,26.0,2015-11-11
72086cad,Donald,Robert,adamstout@example.org,98,1.6,29.5,2014-03-12
633c023a,Lindsay,Patrick,johnsonkrystal@example.net,73,1.2,25.5,2000-11-11
dc0da6db,Melissa,Richard,matthew96@example.org,100,5.36,7.001,1995-10-26
f0a1acb3,Elizabeth,Steven,plee@example.com,62,5.92,48.5,1991-10-22
0b7d55c9,Nicole,Erika,solisbecky@example.org,82,4.24,1.5,1999-11-06
273c7c8d,Steven,Erika,lmadden@example.com,1,5.6,35.5,1982-01-10
baf024ff,Brian,Brent,zachary63@example.org,29,3.52,25.0,2004-08-12
191477a1,Vanessa,Jaime,williamwelch@example.com,60,6.64,23.5,2019-03-03
13579fec,Bonnie,John,mary25@example.org,79,3.36,31.0,2010-01-07
1668f74f,Holly,Timothy,davissamuel@example.net,92,7.04,10.5,1989-01-03
89fffdfa,Tiffany,Chad,anthonyzimmerman@example.org,65,6.48,37.5,1976-08-05
116e132c,Austin,Vanessa,ujohnson@example.org,5,7.36,14.48,1985-10-21
3dad2efd,Antonio,Michael,xwalters@example.com,61,2.16,10.5,1990-03-27
34c7611a,Lori,Samuel,johnhurst@example.com,6,1.92,42.5,2003-07-27
683a406d,Michael,Greg,amandasanchez@example.com,61,2.88,38.5,1993-03-19
55ace400,Lisa,Rachel,donna41@example.org,83,2.8,17.0,1973-04-15
ec7a4dfc,Jorge,Carolyn,littlebeth@example.org,65,7.6,8.5,2008-05-22
a00efd24,Kimberly,Angelica,stevenscaitlin@example.org,75,2.32,1.0,2005-03-24
4ab7ee67,Sandra,Zachary,justinkline@example.org,15,3.6,22.5,2005-09-27
c8c33be4,Michael,Nicholas,snydermichael@example.org,17,0.4,14.48,2009-06-16
fbcb9140,Amy,Garrett,ygarcia@example.org,33,3.6,12.0,2004-08-02
9a1ff2ca,Jesse,Leslie,ojones@example.org,20,1.92,9.5,1999-01-14
8f9c88c2,Patrick,Abigail,gracebrooks@example.com,35,6.96,40.5,1989-05-31
3e0a8abc,Michael,John,lstokes@example.com,27,7.92,33.5,1991-12-20
a4fcd35d,Troy,Joseph,bergerdonna@example.net,99,2.48,49.0,1996-02-20
a4a320ce,Michelle,Samantha,wilsonmatthew@example.com,67,3.68,33.5,1991-09-06
8e4d7328,Richard,Justin,mcooley@example.net,9,1.44,28.004,2021-07-14
20e4c857,Patricia,Tiffany,moorejudy@example.org,8,2.08,16.0,1982-02-21
cdad38ee,Denise,Matthew,catherineherrera@example.net,83,2.4,27.0,1979-09-30
2c4f05b0,Laura,Eric,javierdiaz@example.org,42,7.52,35.0,1972-11-08
134680fb,Ian,Nicole,murphyjeffrey@example.net,85,0.48,49.5,2019-12-29
e610b633,Holly,Raymond,josepholson@example.org,2,5.44,34.5,2019-09-29
b72c2422,Kenneth,Richard,jean47@example.net,95,0.4,34.5,1984-05-03
647be95d,Jordan,Mark,zgraham@example.org,65,3.6,1.5,1999-04-20
63ef54a7,Dana,Steven,gerald46@example.org,43,0.32,9.5,2005-04-30
838780c0,Chris,Jeffery,gabriel37@example.com,68,4.32,14.48,1988-12-08
b838aea9,Kristen,Kimberly,vhenderson@example.com,11,1.36,27.504,2009-02-20
3fe1498b,Jennifer,Angela,cindy96@example.com,13,5.04,19.5,2011-11-19
950f7916,Nathan,Amy,ashleybrooks@example.net,47,2.64,6.5,1991-05-24
06604c68,Jake,Stacy,colepamela@example.net,71,1.28,3.5004,1976-10-08
267ef901,Cassie,Manuel,brenda49@example.net,9,2.16,42.0,1993-08-21
a9be60da,Dr.,Justin,raymond12@example.com,77,7.12,40.0,1989-05-19
7db52927,Ryan,Christine,wgibbs@example.org,33,0.72,15.0,1981-04-08
225a226b,Aimee,Brian,lewisnathan@example.org,7,2.72,31.0,1978-01-25
92c5d424,Elizabeth,Lauren,david50@example.net,68,1.6,4.0,1989-08-03
0d4a2113,Kevin,Patrick,jason95@example.org,89,7.2,18.5,1988-08-20
ea6854c7,Christie,Derek,cruzcarolyn@example.net,100,7.52,40.5,2003-02-12
1778adae,Danielle,Arthur,dakotaramirez@example.net,67,1.28,26.5,1999-11-14
a5a8dfd8,David,Mr.,berrydebbie@example.net,49,1.36,30.5,1985-03-21
12c8a9b9,Sherry,Kim,ustewart@example.org,91,2.4,12.5,1981-07-10
da4c629f,Matthew,Rebecca,brandonsnyder@example.org,23,0.24,37.5,1989-08-19
912e3a0b,Ashley,Teresa,robert17@example.org,45,0.48,25.5,1987-08-28
0396c572,Johnathan,Judith,brittany39@example.org,16,7.76,32.5,2011-04-02
155cf333,Michelle,Donna,andrew90@example.com,64,7.12,7.5,2021-04-10
c57f9578,Kelly,Donald,david60@example.net,66,3.6,13.0,1977-03-22
22f911ab,William,Shaun,rogersallen@example.com,32,5.2,28.004,1985-10-07
2d938054,Casey,Wayne,gallegosrobert@example.com,92,2.0,5.5,2015-05-09
ac4436b6,Keith,Gregory,logan56@example.org,57,3.28,44.5,1988-12-17
88664f6b,Cynthia,Dorothy,troy06@example.com,52,6.8,1.0,1979-08-06
f0c3414d,Robert,Crystal,psnyder@example.org,59,6.48,34.0,1976-07-13
04690762,Emily,Jennifer,sharon10@example.org,78,1.36,19.0,1984-01-29
0d2f3fc0,Dale,Erin,petersendominic@example.com,77,5.68,24.5,2007-07-30
a37bea74,Brittney,Sarah,fperez@example.org,96,6.64,0.5,2004-08-13
d5d6612c,Jason,Carlos,lisa80@example.net,48,0.56,36.5,2021-05-15
8a544de2,Christine,David,greenkristen@example.org,62,4.48,39.5,1981-06-28
9f955c0c,Bryan,Patricia,valentinecharles@example.com,49,6.24,9.5,1971-11-11
18545d6a,Samantha,Jesus,knelson@example.org,70,1.28,35.5,2010-09-21
bd1f2256,Russell,Michelle,uwilson@example.org,42,4.96,28.96,1972-09-14
c7ed8184,David,Sara,qwalsh@example.org,2,0.24,9.0,2006-09-26
1ee1d8c9,Megan,Brittany,beckystanley@example.com,61,7.28,21.5,2006-08-09
a6ffb586,Amanda,Eugene,kendra73@example.org,95,4.16,21.0,1983-04-13
bfc5c54d,Danielle,Cody,katie15@example.net,89,6.88,14.002,1970-06-15
e3d93e3f,Brenda,Evan,donnamoss@example.org,24,7.52,12.0,2003-03-27
4eb828cf,Vickie,Joshua,jonestroy@example.org,28,6.8,28.004,1971-10-03
dc6293e6,Jacqueline,Thomas,santiagotaylor@example.com,49,0.0,16.5,1995-02-23
45e3522f,Lauren,Mr.,tonypeterson@example.net,22,0.4,3.5004,1983-10-29
a568b076,Alison,Vanessa,kathleen47@example.net,35,6.96,47.0,1989-03-07
ce8553ec,Jill,Kara,melaniegarcia@example.org,70,2.0,35.5,2008-11-13
43188491,Sandra,Veronica,sabrinacruz@example.com,28,1.12,31.0,1999-01-09
086510ff,Joel,Keith,kimberlylopez@example.com,41,7.52,44.0,2019-10-27
99db1ee2,Samantha,Michael,tmartin@example.net,16,0.32,35.5,2000-04-09
ccb2f1db,Michael,Brenda,thomasnancy@example.net,54,6.48,1.5,2005-06-12
eea36381,Cody,James,allenpatricia@example.org,82,3.12,20.5,1978-08-03
2a30f76a,Amanda,Brandon,anthony87@example.com,18,5.12,34.5,2000-11-19
36755830,Edward,Lauren,david81@example.com,55,0.72,5.0,1990-01-26
0f333247,Amy,Diana,zlewis@example.net,51,3.44,19.0,1977-06-17
74c5a238,Curtis,Jill,dromero@example.com,46,2.56,5.5,2018-09-28
80eabf6d,Lydia,Jorge,mitchell06@example.net,71,3.6,9.5,2018-01-24
196f071c,Virginia,Larry,mlee@example.com,50,6.4,20.5,1978-03-01
ad11e10c,Joshua,Heather,brookemoreno@example.com,40,0.32,42.5,2000-03-29
286db393,Kathryn,Jaclyn,drodriguez@example.net,43,1.2,49.5,1999-06-02
8ffec365,Francis,Gregory,susanrobinson@example.org,10,4.24,16.5,2003-07-26
8e7a7d2e,Paula,Anita,johnstonjohn@example.net,12,3.04,14.002,1987-11-26
b7522896,Kendra,Willie,hillnicole@example.net,43,2.88,43.0,1975-11-30
387c5238,Ariel,Robert,gmyers@example.org,27,6.56,5.0,1979-04-24
a2c42a10,Robert,Steven,tyler23@example.com,44,4.88,14.002,1988-12-12
be88d853,Zachary,Angelica,janice40@example.org,79,2.72,44.5,2019-10-15
4b9ffb56,Rebecca,Sean,wesleygraves@example.com,37,4.32,18.5,2015-07-05
db63817b,Sarah,Tyler,melissa32@example.com,44,2.72,5.0,1977-12-04
24576c3d,Renee,Jason,jacksonmartin@example.com,12,6.56,19.0,1994-01-26
bd9a5853,Alyssa,Justin,suzannewade@example.com,58,7.28,43.0,1975-05-20
f9ede640,Kristy,Breanna,andrew41@example.org,88,4.08,13.0,2020-08-25
cf68e993,William,Julian,wheelertara@example.net,88,5.84,23.0,1985-02-19
ae941994,Eric,Sandra,freemanjohn@example.org,49,7.68,27.0,2019-07-01
6fdb4f5f,Daniel,Julie,fuentesashley@example.com,57,6.56,45.5,1975-01-22
1c58962f,Thomas,Dennis,aliciajackson@example.org,85,5.84,43.5,1992-04-05
995561f8,Mitchell,Kaitlyn,garcialinda@example.com,63,6.56,6.5,1980-08-31
efe7eedf,Erica,Jennifer,whenry@example.net,25,0.08,6.5,2004-07-04
ba3c8585,Sylvia,Danielle,elizabeth45@example.com,12,0.88,2.5,1992-10-26
fa97b243,Shannon,Zachary,careykevin@example.com,13,2.0,20.0,1988-10-15
c98df493,Tom,Lauren,rrodriguez@example.net,42,3.2,7.001,2000-11-09
8f4580ca,Eric,Lori,hernandezrobert@example.org,18,0.24,32.5,2012-11-30
711d4414,Travis,Barbara,michaeljohnson@example.net,24,6.24,11.5,2020-01-20
0d0d9e19,Marie,Sarah,vhoward@example.org,25,3.84,0.5,2004-11-24
20d9de88,Melissa,Francisco,samanthagray@example.org,35,4.48,48.5,2015-09-26
81d6f43d,Courtney,Christopher,natalie87@example.net,57,5.92,45.0,1975-01-16
967ab749,Eric,Thomas,josephshelton@example.com,11,1.68,49.0,2018-02-05
4d563896,Nicholas,Joseph,rlawrence@example.com,99,1.04,24.0,2016-10-24
06467d5c,Jenna,Pamela,blakemeyer@example.com,18,1.76,39.0,1991-06-04
03c66b59,Amanda,Paul,hamiltonspencer@example.com,80,0.08,16.5,1972-08-11
277441df,Tracy,Samantha,daniel07@example.net,8,0.24,46.5,1999-06-29
cfd01f24,Taylor,Michael,stevenhernandez@example.com,9,1.44,9.5,1976-11-01
6754e6c6,Cynthia,Kevin,kevinroberts@example.com,33,2.48,37.5,2017-12-25
b5b31720,Stephen,Joseph,chavezjeff@example.net,28,4.4,26.0,2005-06-22
058b5c0d,Margaret,Mr.,brownkevin@example.com,16,4.96,12.5,1991-08-11
baa69ffe,Derek,Daniel,donna00@example.com,16,1.84,22.0,1982-12-16
189deb7c,David,Lisa,michaelcampbell@example.net,50,0.08,7.5,2007-12-26
3df750b8,James,Kim,stephaniereeves@example.org,23,0.96,30.5,2014-12-28
201ad341,Stacey,Ashley,ryanhull@example.com,81,3.84,48.5,2012-08-09
986e2612,Joshua,Robert,antoniofitzpatrick@example.org,83,7.92,13.5,1972-06-04
754851ce,Sean,Eric,ghenderson@example.com,78,0.96,37.5,2013-03-06
0c2b5538,Carla,Stacy,carla29@example.com,75,7.76,26.5,2012-09-08
74369239,Elizabeth,Gloria,linda23@example.com,7,3.52,28.96,1970-07-18
cd2142c5,Angela,Robert,robertgonzalez@example.com,52,2.24,17.5,1986-09-26
4db34bd6,Nicholas,Brenda,evanssara@example.com,64,6.4,44.5,1979-04-26
2b7b776c,Anna,Carlos,nicholasliu@example.com,45,6.72,2.5,2009-11-25
7f55befe,Karen,Rachel,taylorscott@example.com,58,6.64,19.5,1995-08-08
bfa0ffb0,Carmen,Nicole,taylor67@example.com,44,3.36,37.0,1984-12-26
29c76cb8,Brian,Ricky,jmurray@example.org,8,2.08,17.5,2015-10-28
7fabc80e,Michael,Bryan,idavis@example.net,40,3.52,31.5,1983-04-26
a703ede9,Deborah,Michael,kristin98@example.com,52,2.96,22.5,1988-01-20
1f87b971,Anthony,Tamara,christineyoder@example.com,15,4.64,12.5,2001-12-28
8968cc0a,Brittany,Cathy,camposphilip@example.com,65,1.84,5.5,1980-04-21
603cc552,Edward,Ryan,fordkathryn@example.net,18,2.24,11.5,2002-12-21
a9d2ce7e,Christina,Hannah,fcombs@example.org,92,5.92,30.5,1982-09-25
d392958b,Edgar,Monica,maria15@example.net,31,0.8,49.0,2019-12-02
